title,Score,Genre,Date,duree,Descriptions,Acteurs,Public,Pays
The Shawshank Redemption,9.3,Drama,1994,142,"Two imprisoned men bond over a number of years, finding solace and eventual redemption through acts of common decency.","Tim Robbins,Morgan Freeman,Bob Gunton",R,"United States,Color"
The Godfather,9.2,"Crime,Drama",1972,175,The aging patriarch of an organized crime dynasty in postwar New York City transfers control of his clandestine empire to his reluctant youngest son.,"Marlon Brando,Al Pacino,James Caan",R,"United States,Color"
The Dark Knight,9.0,"Action,Crime,Drama",2008,152,"When the menace known as the Joker wreaks havoc and chaos on the people of Gotham, Batman must accept one of the greatest psychological and physical tests of his ability to fight injustice.","Christian Bale,Heath Ledger,Aaron Eckhart",PG-13,"United States,United Kingdom,Dolby Digital,SDDS,DTS"
The Godfather Part II,9.0,"Crime,Drama",1974,202,"The early life and career of Vito Corleone in 1920s New York City is portrayed, while his son, Michael, expands and tightens his grip on the family crime syndicate.","Al Pacino,Robert De Niro,Robert Duvall",R,"United States,Color"
12 Angry Men,9.0,"Crime,Drama",1957,96,The jury in a New York City murder trial is frustrated by a single member whose skeptical caution forces them to more carefully consider the evidence before jumping to a hasty verdict.,"Henry Fonda,Lee J. Cobb,Martin Balsam",Approved,"United States,Black and White"
Schindler's List,9.0,"Biography,Drama,History",1993,195,"In German-occupied Poland during World War II, industrialist Oskar Schindler gradually becomes concerned for his Jewish workforce after witnessing their persecution by the Nazis.","Liam Neeson,Ralph Fiennes,Ben Kingsley",R,"United States,Black and White,Color"
The Lord of the Rings: The Return of the King,9.0,"Action,Adventure,Drama",2003,201,Gandalf and Aragorn lead the World of Men against Sauron's army to draw his gaze from Frodo and Sam as they approach Mount Doom with the One Ring.,"Elijah Wood,Viggo Mortensen,Ian McKellen",PG-13,"New Zealand,United States,Color"
Pulp Fiction,8.9,"Crime,Drama",1994,154,"The lives of two mob hitmen, a boxer, a gangster and his wife, and a pair of diner bandits intertwine in four tales of violence and redemption.","John Travolta,Uma Thurman,Samuel L. Jackson",R,"United States,Color"
The Lord of the Rings: The Fellowship of the Ring,8.8,"Action,Adventure,Drama",2001,178,A meek Hobbit from the Shire and eight companions set out on a journey to destroy the powerful One Ring and save Middle-earth from the Dark Lord Sauron.,"Elijah Wood,Ian McKellen,Orlando Bloom",PG-13,"New Zealand,United States,Color"
"The Good, the Bad and the Ugly",8.8,"Adventure,Western",1966,178,A bounty hunting scam joins two men in an uneasy alliance against a third in a race to find a fortune in gold buried in a remote cemetery.,"Clint Eastwood,Eli Wallach,Lee Van Cleef",R,"Italy,Spain,West Germany,Color"
Forrest Gump,8.8,"Drama,Romance",1994,142,"The presidencies of Kennedy and Johnson, the Vietnam War, the Watergate scandal and other historical events unfold from the perspective of an Alabama man with an IQ of 75, whose only desire ...","Tom Hanks,Robin Wright,Gary Sinise",PG-13,"United States,Color,Black and White"
Fight Club,8.8,Drama,1999,139,An insomniac office worker and a devil-may-care soap maker form an underground fight club that evolves into much more.,"Brad Pitt,Edward Norton,Meat Loaf",R,"Germany,United States,Color"
The Lord of the Rings: The Two Towers,8.8,"Action,Adventure,Drama",2002,179,"While Frodo and Sam edge closer to Mordor with the help of the shifty Gollum, the divided fellowship makes a stand against Sauron's new ally, Saruman, and his hordes of Isengard.","Elijah Wood,Ian McKellen,Viggo Mortensen",PG-13,"New Zealand,United States,Color"
Inception,8.8,"Action,Adventure,Sci-Fi",2010,148,"A thief who steals corporate secrets through the use of dream-sharing technology is given the inverse task of planting an idea into the mind of a C.E.O., but his tragic past may doom the pro...","Leonardo DiCaprio,Joseph Gordon-Levitt,Elliot Page",PG-13,"United States,United Kingdom,Color"
Star Wars: Episode V - The Empire Strikes Back,8.7,"Action,Adventure,Fantasy",1980,124,"After the Rebels are brutally overpowered by the Empire on the ice planet Hoth, Luke Skywalker begins Jedi training with Yoda, while his friends are pursued across the galaxy by Darth Vader ...","Mark Hamill,Harrison Ford,Carrie Fisher",PG,"United States,Color"
The Matrix,8.7,"Action,Sci-Fi",1999,136,"When a beautiful stranger leads computer hacker Neo to a forbidding underworld, he discovers the shocking truth--the life he knows is the elaborate deception of an evil cyber-intelligence.","Keanu Reeves,Laurence Fishburne,Carrie-Anne Moss",R,"United States,Australia,Color"
Gandhi,8.1,"Biography,Drama,History",1982,191,The life of the lawyer who became the famed leader of the Indian revolts against the British rule through his philosophy of nonviolent protest.,"Ben Kingsley,John Gielgud,Rohini Hattangadi",PG,"United Kingdom,India,United States,South Africa,Color,Black and White"
The Help,8.1,Drama,2011,146,"An aspiring author during the civil rights movement of the 1960s decides to write a book detailing the African American maids' point of view on the white families for which they work, and th...","Viola Davis,Emma Stone,Octavia Spencer",PG-13,"United States,India,Color"
The Iron Giant,8.1,"Animation,Action,Adventure",1999,86,A young boy befriends a giant robot from outer space that a paranoid government agent wants to destroy.,"Eli Marienthal,Harry Connick Jr.,Jennifer Aniston",PG,"United States,Dolby Digital,SDDS,DTS,Dolby"
Aladdin,8.0,"Animation,Adventure,Comedy",1992,90,A kindhearted street urchin and a power-hungry Grand Vizier vie for a magic lamp that has the power to make their deepest wishes come true.,"Scott Weinger,Robin Williams,Linda Larkin",G,"United States,Color"
Dersu Uzala,8.2,"Adventure,Biography,Drama",1975,142,The Russian army sends an explorer on an expedition to the snowy Siberian wilderness where he makes friends with a seasoned local hunter.,"Maksim Munzuk,Yuriy Solomin,Mikhail Bychkov",G,"Soviet Union,Japan,Color"
Everything Everywhere All at Once,8.1,"Action,Adventure,Comedy",2022,139,"An aging Chinese immigrant is swept up in an insane adventure, in which she alone can save the world by exploring other universes connecting with the lives she could have led.","Michelle Yeoh,Stephanie Hsu,Jamie Lee Curtis",R,"United States,Color"
Life of Brian,8.0,Comedy,1979,94,"Born on the original Christmas in the stable next door to Jesus Christ, Brian of Nazareth spends his life being mistaken for a messiah.","Graham Chapman,John Cleese,Michael Palin",R,"United Kingdom,Color"
The Sound of Music,8.1,"Biography,Drama,Family",1965,172,A young novitiate is sent by her convent in 1930s Austria to become a governess to the seven children of a widowed naval officer.,"Julie Andrews,Christopher Plummer,Eleanor Parker",G,"United States,Color"
Persona,8.1,"Drama,Thriller",1966,83,A nurse is put in charge of a mute actress and finds that their personae are melding together.,"Bibi Andersson,Liv Ullmann,Margaretha Krook",Not Rated,"Sweden,Black and White"
It Happened One Night,8.1,"Comedy,Romance",1934,105,"A renegade reporter trailing a young runaway heiress for a big story joins her on a bus heading from Florida to New York, and they end up stuck with each other when the bus leaves them behin...","Clark Gable,Claudette Colbert,Walter Connolly",Passed,"United States,Black and White"
The Handmaiden,8.1,"Drama,Romance,Thriller",2016,145,"A woman is hired as a handmaiden to a Japanese heiress, but secretly she is involved in a plot to defraud her.","Kim Min-hee,Ha Jung-woo,Cho Jin-woong",Not Rated,"South Korea,Color"
The 400 Blows,8.1,"Crime,Drama",1959,99,"A young boy, left without attention, delves into a life of petty crime.","Jean-Pierre Léaud,Albert Rémy,Claire Maurier",Not Rated,"France,Black and White"
Cool Hand Luke,8.1,"Crime,Drama",1967,127,"A laid back Southern man is sentenced to two years in a rural prison, but refuses to conform.","Paul Newman,George Kennedy,Strother Martin",GP,"United States,Mono"
Amores Perros,8.1,"Drama,Thriller",2000,154,"A horrific car accident connects three stories, each involving characters dealing with loss, regret, and life's harsh realities, all in the name of love.","Emilio Echevarría,Gael García Bernal,Goya Toledo",R,"Mexico,Color"
My Father and My Son,8.2,"Drama,Family",2005,112,,"Çetin Tekindor,Fikret Kuskan,Hümeyra",Not Rated,"Turkey,Color"
Rebecca,8.1,"Drama,Film-Noir,Mystery",1940,130,A self-conscious woman juggles adjusting to her new role as an aristocrat's wife and avoiding being intimidated by his first wife's spectral presence.,"Laurence Olivier,Joan Fontaine,George Sanders",Approved,"United States,Black and White"
The Grapes of Wrath,8.1,Drama,1940,129,"An Oklahoma family, driven off their farm by the poverty and hopelessness of the Dust Bowl, joins the westward migration to California, suffering the misfortunes of the homeless in the Great...","Henry Fonda,Jane Darwell,John Carradine",Passed,"United States,Black and White"
Pirates of the Caribbean: The Curse of the Black Pearl,8.1,"Action,Adventure,Fantasy",2003,143,"Blacksmith Will Turner teams up with eccentric pirate ""Captain"" Jack Sparrow to save his love, the governor's daughter, from Jack's former pirate allies, who are now undead.","Johnny Depp,Geoffrey Rush,Orlando Bloom",PG-13,"United States,Color"
Jai Bhim,8.9,"Crime,Drama,Mystery",2021,164,"When a tribal man is arrested for a case of alleged theft, his wife turns to a human-rights lawyer to help bring justice.","Suriya,Lijo Mol Jose,Manikandan K.",TV-MA,"India,Color"
La haine,8.1,"Crime,Drama",1995,98,24 hours in the lives of three young men in the French suburbs the day after a violent riot.,"Vincent Cassel,Hubert Koundé,Saïd Taghmaoui",Not Rated,"France,United States,Black and White"
Hachi: A Dog's Tale,8.1,"Biography,Drama,Family",2009,93,A college professor bonds with an abandoned dog he takes into his home.,"Richard Gere,Joan Allen,Cary-Hiroyuki Tagawa",G,"United Kingdom,United States,Color"
The Battle of Algiers,8.1,"Drama,War",1966,121,"In the 1950s, fear and violence escalate as the people of Algiers fight for independence from the French government.","Brahim Hadjadj,Jean Martin,Yacef Saadi",Not Rated,"Italy,Algeria,Black and White"
To Be or Not to Be,8.2,"Comedy,Romance,War",1942,99,,"Carole Lombard,Jack Benny,Robert Stack",Passed,"United States,Black and White"
The Incredibles,8.0,"Animation,Action,Adventure",2004,115,"While trying to lead a quiet suburban life, a family of undercover superheroes are forced into action to save the world.","Craig T. Nelson,Samuel L. Jackson,Holly Hunter",PG,"United States,Black and White,Color"
The Best Years of Our Lives,8.1,"Drama,Romance,War",1946,170,"Three World War II veterans, two of them traumatized or disabled, return home to the American midwest to discover that they and their families have been irreparably changed.","Myrna Loy,Dana Andrews,Fredric March",Approved,"United States,Black and White"
The Exorcist,8.1,Horror,1973,122,"When a teenage girl is possessed by a mysterious entity, her mother seeks the help of two priests to save her daughter.","Ellen Burstyn,Max von Sydow,Linda Blair",R,"United States,Color"
Groundhog Day,8.1,"Comedy,Drama,Fantasy",1993,101,"A narcissistic, self-centered weatherman finds himself in a time loop on Groundhog Day, and the day keeps repeating until he gets it right.","Bill Murray,Andie MacDowell,Chris Elliott",PG,"United States,Color"
Before Sunset,8.1,"Drama,Romance",2004,80,"Nine years after Jesse and Celine first met, they encounter each other again on the French leg of Jesse's book tour.","Ethan Hawke,Julie Delpy,Vernon Dobtcheff",R,"United States,France,Color"
The Wizard of Oz,8.1,"Adventure,Family,Fantasy",1939,102,"Young Dorothy Gale and her dog Toto are swept away by a tornado from their Kansas farm to the magical Land of Oz, and embark on a quest with three new friends to see the Wizard, who can retu...","Judy Garland,Frank Morgan,Ray Bolger",G,"United States,Color"
Into the Wild,8.1,"Adventure,Biography,Drama",2007,148,"After graduating from Emory University, top student and athlete Christopher McCandless abandons his possessions, gives his entire $24,000 savings account to charity and hitchhikes to Alaska ...","Emile Hirsch,Vince Vaughn,Catherine Keener",R,"United States,Color"
Network,8.1,Drama,1976,121,"A television network cynically exploits a deranged former anchor's ravings and revelations about the news media for its own profit, but finds that his message may be difficult to control.","Faye Dunaway,William Holden,Peter Finch",R,"United States,Mono"
Pather Panchali,8.3,Drama,1955,125,"Impoverished priest Harihar Ray, dreaming of a better life for himself and his family, leaves his rural Bengal village in search of work.","Kanu Bannerjee,Karuna Bannerjee,Subir Banerjee",Not Rated,"India,Black and White"
Rush,8.1,"Action,Biography,Drama",2013,123,The merciless 1970s rivalry between Formula One rivals James Hunt and Niki Lauda.,"Daniel Brühl,Chris Hemsworth,Olivia Wilde",R,"United Kingdom,United States,Color"
Ratatouille,8.1,"Animation,Adventure,Comedy",2007,111,A rat who can cook makes an unusual alliance with a young kitchen worker at a famous Paris restaurant.,"Brad Garrett,Lou Romano,Patton Oswalt",G,"United States,Color"
Logan,8.1,"Action,Drama,Sci-Fi",2017,137,"In a future where mutants are nearly extinct, an elderly and weary Logan leads a quiet life. But when Laura, a mutant child pursued by scientists, comes to him for help, he must get her to s...","Hugh Jackman,Patrick Stewart,Dafne Keen",R,"United States,Color"
Stand by Me,8.1,"Adventure,Drama",1986,89,"After the death of one of his friends, a writer recounts a childhood journey with his friends to find the body of a missing boy.","Wil Wheaton,River Phoenix,Corey Feldman",R,"United States,Color"
The Terminator,8.1,"Action,Sci-Fi",1984,107,"A human soldier is sent from 2029 to 1984 to stop an almost indestructible cyborg killing machine, sent from the same year, which has been programmed to execute a young woman whose unborn so...","Arnold Schwarzenegger,Linda Hamilton,Michael Biehn",R,"United Kingdom,United States,Color"
Spotlight,8.1,"Biography,Crime,Drama",2015,129,"The true story of how the Boston Globe uncovered the massive scandal of child molestation and cover-up within the local Catholic Archdiocese, shaking the entire Catholic Church to its core.","Mark Ruffalo,Michael Keaton,Rachel McAdams",R,"United States,Color"
Platoon,8.1,"Drama,War",1986,2,"Chris Taylor, a neophyte recruit in Vietnam, finds himself caught in a battle of wills between two sergeants, one good and the other evil. A shrewd examination of the brutality of war and th...","Charlie Sheen,Tom Berenger,Willem Dafoe",R,"United States,United Kingdom,Color"
Rocky,8.1,"Drama,Sport",1976,2,A small-time Philadelphia boxer gets a supremely rare chance to fight the world heavyweight champion in a bout in which he strives to go the distance for his self-respect.,"Sylvester Stallone,Talia Shire,Burt Young",PG,"United States,Color"
Ford v Ferrari,8.1,"Action,Biography,Drama",2019,152,American car designer Carroll Shelby and driver Ken Miles battle corporate interference and the laws of physics to build a revolutionary race car for Ford in order to defeat Ferrari at the 2...,"Matt Damon,Christian Bale,Jon Bernthal",PG-13,"United States,Color"
Hotel Rwanda,8.1,"Biography,Drama,History",2004,121,"Paul Rusesabagina, a hotel manager, houses over a thousand Tutsi refugees during their struggle against the Hutu militia in Rwanda, Africa.","Don Cheadle,Sophie Okonedo,Joaquin Phoenix",PG-13,"United Kingdom,South Africa,Italy,United States,Color"
Tokyo Story,8.2,Drama,1953,136,"An old couple visit their children and grandchildren in the city, but receive little attention.","Chishû Ryû,Chieko Higashiyama,Sô Yamamura",Not Rated,"Japan,Black and White"
The Passion of Joan of Arc,8.2,"Biography,Drama,History",1928,114,"In 1431, Jeanne d'Arc is placed on trial on charges of heresy. The ecclesiastical jurists attempt to force Jeanne to recant her claims of holy visions.","Maria Falconetti,Eugene Silvain,André Berley",Passed,"France,Black and White"
Dead Poets Society,8.1,"Comedy,Drama",1989,128,Maverick teacher John Keating uses poetry to embolden his boarding school students to new heights of self-expression.,"Robin Williams,Robert Sean Leonard,Ethan Hawke",PG,"United States,Color"
Jaws,8.1,"Adventure,Thriller",1975,124,"When a killer shark unleashes chaos on a beach community off Cape Cod, it's up to a local sheriff, a marine biologist, and an old seafarer to hunt the beast down.","Roy Scheider,Robert Shaw,Richard Dreyfuss",PG,"United States,Color"
The Big Lebowski,8.1,"Comedy,Crime",1998,117,"Ultimate L.A. slacker Jeff ""The Dude"" Lebowski, mistaken for a millionaire of the same name, seeks restitution for a rug ruined by debt collectors, enlisting his bowling buddies for help whi...","Jeff Bridges,John Goodman,Julianne Moore",R,"United States,United Kingdom,DTS,Dolby Digital,SDDS"
"Monsters, Inc.",8.1,"Animation,Adventure,Comedy",2001,92,"In order to power the city, monsters have to scare children so that they scream. However, the children are toxic to the monsters, and after a child gets through, two monsters realize things ...","Billy Crystal,John Goodman,Mary Gibbs",G,"United States,Color"
How to Train Your Dragon,8.1,"Animation,Action,Adventure",2010,98,"A hapless young Viking who aspires to hunt dragons becomes the unlikely friend of a young dragon himself, and learns there may be more to the creatures than he assumed.","Jay Baruchel,Gerard Butler,Christopher Mintz-Plasse",PG,"United States,Color"
Mary and Max,8.1,"Animation,Comedy,Drama",2009,92,"A tale of friendship between two unlikely pen pals: Mary, a lonely, eight-year-old girl living in the suburbs of Melbourne, and Max, a forty-four-year old, severely obese man living in New Y...","Toni Collette,Philip Seymour Hoffman,Eric Bana",Not Rated,"Australia,Color,Black and White"
Room,8.1,"Drama,Thriller",2015,118,"Held captive for 7 years in an enclosed space, a woman and her young son finally gain their freedom, allowing the boy to experience the outside world for the first time.","Brie Larson,Jacob Tremblay,Sean Bridgers",R,"Ireland,Canada,United Kingdom,United States,Color"
Mad Max: Fury Road,8.1,"Action,Adventure,Sci-Fi",2015,2,"In a post-apocalyptic wasteland, a woman rebels against a tyrannical ruler in search for her homeland with the aid of a group of female prisoners, a psychotic worshiper, and a drifter named ...","Tom Hardy,Charlize Theron,Nicholas Hoult",R,"Australia,Color"
The Seventh Seal,8.1,"Drama,Fantasy",1957,96,,"Max von Sydow,Gunnar Björnstrand,Bengt Ekerot",Not Rated,"Sweden,Black and White"
Wild Tales,8.1,"Comedy,Drama,Thriller",2014,122,Six short stories that explore the extremities of human behavior involving people in distress.,"Darío Grandinetti,María Marull,Mónica Villa",R,"Argentina,Spain,France,United Kingdom,Color"
Memories of Murder,8.1,"Crime,Drama,Mystery",2003,132,"In a small Korean province in 1986, two detectives struggle with the case of multiple young women being found raped and murdered by an unknown culprit.","Song Kang-ho,Kim Sang-kyung,Roe-ha Kim",Not Rated,"South Korea,Color"
Mr. Smith Goes to Washington,8.1,"Comedy,Drama",1939,129,"A naive youth leader is appointed to fill a vacancy in the U.S. Senate. His idealistic plans promptly collide with corruption at home and subterfuge from his hero in Washington, but he tries...","James Stewart,Jean Arthur,Claude Rains",Passed,"United States,Black and White"
Sherlock Jr.,8.2,"Action,Comedy,Romance",1924,45,"A film projectionist longs to be a detective, and puts his meagre skills to work when he is framed by a rival for stealing his girlfriend's father's pocketwatch.","Buster Keaton,Kathryn McGuire,Joe Keaton",Passed,"United States,Black and White"
Hacksaw Ridge,8.1,"Biography,Drama,History",2016,139,"World War II American Army Medic Desmond T. Doss, who served during the Battle of Okinawa, refuses to kill people and becomes the first man in American history to receive the Medal of Honor ...","Andrew Garfield,Sam Worthington,Luke Bracey",R,"Australia,United States,United Kingdom,China,Color"
The Wages of Fear,8.2,"Adventure,Drama,Thriller",1953,131,"In a decrepit South American village, four men are hired to transport an urgent nitroglycerine shipment without the equipment that would make it safe.","Yves Montand,Charles Vanel,Peter van Eyck",Not Rated,"France,Italy,Black and White"
Barry Lyndon,8.1,"Adventure,Drama,War",1975,185,An Irish rogue wins the heart of a rich widow and assumes her dead husband's aristocratic position in 18th-century England.,"Ryan O'Neal,Marisa Berenson,Patrick Magee",PG,"United Kingdom,United States,Mono,Dolby Digital"
Klaus,8.1,"Animation,Adventure,Comedy",2019,96,"A simple act of kindness always sparks another, even in a frozen, faraway place. When Smeerensburg's new postman, Jesper, befriends toymaker Klaus, their gifts melt an age-old feud and deliv...","Jason Schwartzman,J.K. Simmons,Rashida Jones",PG,"Spain,United Kingdom,United States,Color"
In the Name of the Father,8.1,"Biography,Crime,Drama",1993,133,,"Daniel Day-Lewis,Pete Postlethwaite,Alison Crosbie",R,"Ireland,United Kingdom,Color"
The Deer Hunter,8.1,"Drama,War",1978,183,An in-depth examination of the ways in which the Vietnam War impacts and disrupts the lives of several friends in a small steel mill town in Pennsylvania.,"Robert De Niro,Christopher Walken,John Cazale",R,"United States,United Kingdom,Color"
The Grand Budapest Hotel,8.1,"Adventure,Comedy,Crime",2014,99,"A writer encounters the owner of an aging high-class hotel, who tells him of his early years serving as a lobby boy in the hotel's glorious years under an exceptional concierge.","Ralph Fiennes,F. Murray Abraham,Mathieu Amalric",R,"United States,Germany,Color,Black and White"
The General,8.2,"Action,Adventure,Comedy",1926,67,"After being rejected by the Confederate military, not realizing it was due to his crucial civilian role, an engineer must single-handedly recapture his beloved locomotive after it is seized ...","Buster Keaton,Marion Mack,Glen Cavender",Passed,"United States,Silent"
The Third Man,8.1,"Film-Noir,Mystery,Thriller",1949,93,"Pulp novelist Holly Martins travels to shadowy, postwar Vienna, only to find himself investigating the mysterious death of an old friend, Harry Lime.","Orson Welles,Joseph Cotten,Alida Valli",Approved,"United Kingdom,Black and White"
Gone Girl,8.1,"Drama,Mystery,Thriller",2014,149,"With his wife's disappearance having become the focus of an intense media circus, a man sees the spotlight turned on him when it's suspected that he may not be innocent.","Ben Affleck,Rosamund Pike,Neil Patrick Harris",R,"United States,Color"
Wild Strawberries,8.1,"Drama,Romance",1957,91,,"Victor Sjöström,Bibi Andersson,Ingrid Thulin",Not Rated,"Sweden,Black and White"
Ben-Hur,8.1,"Adventure,Drama",1959,212,"After a Jewish prince is betrayed and sent into slavery by a Roman friend in 1st-century Jerusalem, he regains his freedom and comes back for revenge.","Charlton Heston,Jack Hawkins,Stephen Boyd",G,"United States,Color"
Harry Potter and the Deathly Hallows: Part 2,8.1,"Adventure,Family,Fantasy",2011,130,"Harry, Ron, and Hermione search for Voldemort's remaining Horcruxes in their effort to destroy the Dark Lord as the final battle rages on at Hogwarts.","Daniel Radcliffe,Emma Watson,Rupert Grint",PG-13,"United Kingdom,United States,Color"
12 Years a Slave,8.1,"Biography,Drama,History",2013,134,"In the antebellum United States, Solomon Northup, a free black man from upstate New York, is abducted and sold into slavery.","Chiwetel Ejiofor,Michael Kenneth Williams,Michael Fassbender",R,"United States,United Kingdom,Color"
Before Sunrise,8.1,"Drama,Romance",1995,101,"A young man and woman meet on a train in Europe, and wind up spending one evening together in Vienna. Unfortunately, both know that this will probably be their only night together.","Ethan Hawke,Julie Delpy,Andrea Eckert",R,"United States,Austria,Dolby SR"
On the Waterfront,8.1,"Crime,Drama,Thriller",1954,108,"An ex-prize fighter turned New Jersey longshoreman struggles to stand up to his corrupt union bosses, including his older brother, as he starts to connect with the grieving sister of one of ...","Marlon Brando,Karl Malden,Lee J. Cobb",Approved,"United States,Black and White"
The Gold Rush,8.2,"Adventure,Comedy,Drama",1925,95,"A prospector goes to the Klondike during the 1890s gold rush in hopes of making his fortune, and is smitten with a girl he sees in a dance hall.","Charles Chaplin,Mack Swain,Tom Murray",Passed,"United States,Black and White"
Blade Runner,8.1,"Action,Drama,Sci-Fi",1982,117,A blade runner must pursue and terminate four replicants who stole a ship in space and have returned to Earth to find their creator.,"Harrison Ford,Rutger Hauer,Sean Young",R,"United States,Color"
Children of Heaven,8.2,"Drama,Family,Sport",1997,89,"After a boy loses his sister's pair of shoes, he goes on a series of adventures in order to find them. When he can't, he tries a new way to ""win"" a new pair.","Mohammad Amir Naji,Amir Farrokh Hashemian,Bahare Seddiqi",PG,"Iran,Color"
Million Dollar Baby,8.1,"Drama,Sport",2004,132,A determined woman works with a hardened boxing trainer to become a professional.,"Hilary Swank,Clint Eastwood,Morgan Freeman",PG-13,"United States,Color"
Catch Me If You Can,8.1,"Biography,Crime,Drama",2002,141,"Barely 21 yet, Frank is a skilled forger who has passed as a doctor, lawyer and pilot. FBI agent Carl becomes obsessed with tracking down the con man, who only revels in the pursuit.","Leonardo DiCaprio,Tom Hanks,Christopher Walken",PG-13,"United States,Canada,Color"
My Neighbor Totoro,8.1,"Animation,Comedy,Family",1988,86,"When two girls move to the country to be near their ailing mother, they have adventures with the wondrous forest spirits who live nearby.","Hitoshi Takagi,Noriko Hidaka,Chika Sakamoto",G,"Japan,Color"
Prisoners,8.1,"Crime,Drama,Mystery",2013,153,"When Keller Dover's daughter and her friend go missing, he takes matters into his own hands as the police pursue multiple leads and the pressure mounts.","Hugh Jackman,Jake Gyllenhaal,Viola Davis",R,"United States,SDDS,Datasat,Dolby Digital,Dolby Surround 7.1,Dolby Atmos"
Gran Torino,8.1,Drama,2008,116,"Disgruntled Korean War veteran Walt Kowalski sets out to reform his neighbor, Thao Lor, a Hmong teenager who tried to steal Kowalski's prized possession: a 1972 Gran Torino.","Clint Eastwood,Bee Vang,Christopher Carley",R,"Germany,United States,Color"
Fargo,8.1,"Crime,Thriller",1996,98,Minnesota car salesman Jerry Lundegaard's inept crime falls apart due to his and his henchmen's bungling and the persistent police work of the quite pregnant Marge Gunderson.,"William H. Macy,Frances McDormand,Steve Buscemi",R,"United States,United Kingdom,Color"
Warrior,8.2,"Action,Drama,Sport",2011,140,"The youngest son of an alcoholic former boxer returns home, where he's trained by his father for competition in a mixed martial arts tournament - a path that puts the fighter on a collision ...","Tom Hardy,Nick Nolte,Joel Edgerton",PG-13,"United States,Color"
Trainspotting,8.1,Drama,1996,93,"Renton, deeply immersed in the Edinburgh drug scene, tries to clean up and get out, despite the allure of the drugs and influence of friends.","Ewan McGregor,Ewen Bremner,Jonny Lee Miller",R,"United Kingdom,Color"
"Three Billboards Outside Ebbing, Missouri",8.1,"Comedy,Crime,Drama",2017,115,A mother personally challenges the local authorities to solve her daughter's murder when they fail to catch the culprit.,"Frances McDormand,Woody Harrelson,Sam Rockwell",R,"United Kingdom,United States,Color"
The Bridge on the River Kwai,8.2,"Adventure,Drama,War",1957,161,"British POWs are forced to build a railway bridge across the river Kwai for their Japanese captors in occupied Burma, not knowing that the allied forces are planning a daring commando raid t...","William Holden,Alec Guinness,Jack Hawkins",PG,"United Kingdom,United States,Color"
Howl's Moving Castle,8.2,"Animation,Adventure,Family",2004,119,"When an unconfident young woman is cursed with an old body by a spiteful witch, her only chance of breaking the spell lies with a self-indulgent yet insecure young wizard and his companions ...","Chieko Baishô,Takuya Kimura,Tatsuya Gashûin",PG,"Japan,Color"
The Secret in Their Eyes,8.2,"Drama,Mystery,Romance",2009,129,A retired legal counselor writes a novel hoping to find closure for one of his past unresolved homicide cases and for his unreciprocated love with his superior - both of which still haunt hi...,"Ricardo Darín,Soledad Villamil,Pablo Rago",R,"Argentina,Spain,Color"
Dial M for Murder,8.2,"Crime,Thriller",1954,105,A former tennis star arranges the murder of his adulterous wife.,"Ray Milland,Grace Kelly,Robert Cummings",PG,"United States,Color"
"Lock, Stock and Two Smoking Barrels",8.2,"Action,Comedy,Crime",1998,107,"Eddy persuades his three pals to pool money for a vital poker game against a powerful local mobster, Hatchet Harry. Eddy loses, after which Harry gives him a week to pay back 500,000 pounds.","Jason Flemyng,Dexter Fletcher,Nick Moran",R,"United Kingdom,Color"
Inside Out,8.2,"Animation,Adventure,Comedy",2015,95,"After young Riley is uprooted from her Midwest life and moved to San Francisco, her emotions - Joy, Fear, Anger, Disgust and Sadness - conflict on how best to navigate a new city, house, and...","Amy Poehler,Bill Hader,Lewis Black",PG,"United States,Color"
V for Vendetta,8.2,"Action,Drama,Sci-Fi",2005,132,"In a future British dystopian society, a shadowy freedom fighter, known only by the alias of ""V"", plots to overthrow the tyrannical government - with the help of a young woman.","Hugo Weaving,Natalie Portman,Rupert Graves",R,"United States,United Kingdom,Germany,Color"
Gone with the Wind,8.2,"Drama,Romance,War",1939,238,The manipulative daughter of a Georgia plantation owner conducts a turbulent romance with a roguish profiteer during the American Civil War and Reconstruction periods.,"Clark Gable,Vivien Leigh,Thomas Mitchell",Passed,United States
Raging Bull,8.2,"Biography,Drama,Sport",1980,129,"The life of boxer Jake LaMotta, whose violence and temper that led him to the top in the ring destroyed his life outside of it.","Robert De Niro,Cathy Moriarty,Joe Pesci",R,"United States,Black and White"
Chinatown,8.2,"Drama,Mystery,Thriller",1974,130,"A private detective hired to expose an adulterer in 1930s Los Angeles finds himself caught up in a web of deceit, corruption, and murder.","Jack Nicholson,Faye Dunaway,John Huston",R,"United States,Mono"
The Elephant Man,8.2,"Biography,Drama",1980,124,"A Victorian surgeon rescues a heavily disfigured man who is mistreated while scraping a living as a side-show freak. Behind his monstrous façade, there is revealed a person of kindness, inte...","Anthony Hopkins,John Hurt,Anne Bancroft",PG,"United States,United Kingdom,Black and White"
The Thing,8.2,"Horror,Mystery,Sci-Fi",1982,109,A research team in Antarctica is hunted by a shape-shifting alien that assumes the appearance of its victims.,"Kurt Russell,Wilford Brimley,Keith David",R,"United States,Canada,Color"
Finding Nemo,8.2,"Animation,Adventure,Comedy",2003,100,"After his son is captured in the Great Barrier Reef and taken to Sydney, a timid clownfish sets out on a journey to bring him home.","Albert Brooks,Ellen DeGeneres,Alexander Gould",G,"United States,Color"
No Country for Old Men,8.2,"Crime,Drama,Thriller",2007,122,Violence and mayhem ensue after a hunter stumbles upon a drug deal gone wrong and more than two million dollars in cash near the Rio Grande.,"Tommy Lee Jones,Javier Bardem,Josh Brolin",R,"United States,Color"
Kill Bill: Vol. 1,8.2,"Action,Crime,Drama",2003,111,"After awakening from a four-year coma, a former assassin wreaks vengeance on the team of assassins who betrayed her.","Uma Thurman,David Carradine,Daryl Hannah",R,"United States,Color,Black and White"
Rashomon,8.2,"Crime,Drama,Mystery",1950,88,"The rape of a bride and the murder of her samurai husband are recalled from the perspectives of a bandit, the bride, the samurai's ghost and a woodcutter.","Toshirô Mifune,Machiko Kyô,Masayuki Mori",Not Rated,"Japan,Black and White"
The Great Escape,8.2,"Adventure,Drama,History",1963,172,Allied prisoners of war plan for several hundred of their number to escape from a German camp during World War II.,"Steve McQueen,James Garner,Richard Attenborough",Approved,"United States,Color"
Jurassic Park,8.2,"Action,Adventure,Sci-Fi",1993,127,A pragmatic paleontologist touring an almost complete theme park on an island in Central America is tasked with protecting a couple of kids after a power failure causes the park's cloned din...,"Sam Neill,Laura Dern,Jeff Goldblum",PG-13,"United States,DTS"
The Treasure of the Sierra Madre,8.2,"Adventure,Drama,Western",1948,126,Two down-on-their-luck Americans searching for work in 1920s Mexico convince an old prospector to help them mine for gold in the Sierra Madre Mountains.,"Humphrey Bogart,Walter Huston,Tim Holt",Passed,"United States,Black and White"
Spider-Man: No Way Home,8.3,"Action,Adventure,Fantasy",2021,148,"With Spider-Man's identity now revealed, Peter asks Doctor Strange for help. When a spell goes wrong, dangerous foes from other worlds start to appear, forcing Peter to discover what it trul...","Tom Holland,Zendaya,Benedict Cumberbatch",PG-13,"United States,Color"
Monty Python and the Holy Grail,8.2,"Adventure,Comedy,Fantasy",1975,91,"King Arthur and his Knights of the Round Table embark on a surreal, low-budget search for the Holy Grail, encountering many, very silly obstacles.","Graham Chapman,John Cleese,Eric Idle",PG,"United Kingdom,Mono"
Yojimbo,8.2,"Action,Drama,Thriller",1961,110,A crafty ronin comes to a town divided by two criminal gangs and decides to play them against each other to free the town.,"Toshirô Mifune,Eijirô Tôno,Tatsuya Nakadai",Not Rated,"Japan,Black and White"
Shutter Island,8.2,"Mystery,Thriller",2010,138,"In 1954, a U.S. Marshal investigates the disappearance of a murderer who escaped from a hospital for the criminally insane.","Leonardo DiCaprio,Emily Mortimer,Mark Ruffalo",R,"United States,Color"
A Beautiful Mind,8.2,"Biography,Drama",2001,135,"After John Nash, a brilliant but asocial mathematician, accepts secret work in cryptography, his life takes a turn for the nightmarish.","Russell Crowe,Ed Harris,Jennifer Connelly",PG-13,"United States,Color"
The Sixth Sense,8.2,"Drama,Mystery,Thriller",1999,107,"A frightened, withdrawn Philadelphia boy who communicates with spirits seeks the help of a disheartened child psychologist.","Bruce Willis,Haley Joel Osment,Toni Collette",PG-13,"United States,Color"
The Truman Show,8.2,"Comedy,Drama",1998,103,An insurance salesman discovers his whole life is actually a reality TV show.,"Jim Carrey,Ed Harris,Laura Linney",PG,"United States,Color"
There Will Be Blood,8.2,Drama,2007,158,"A story of family, religion, hatred, oil and madness, focusing on a turn-of-the-century prospector in the early days of the business.","Daniel Day-Lewis,Paul Dano,Ciarán Hinds",R,"United States,Color"
Unforgiven,8.2,"Drama,Western",1992,130,"Retired Old West gunslinger William Munny reluctantly takes on one last job, with the help of his old partner Ned Logan and a young man, The ""Schofield Kid.""","Clint Eastwood,Gene Hackman,Morgan Freeman",R,"United States,Color"
Pan's Labyrinth,8.2,"Drama,Fantasy,War",2006,118,"In the Falangist Spain of 1944, the bookish young stepdaughter of a sadistic army officer escapes into an eerie but captivating fantasy world.","Ivana Baquero,Ariadna Gil,Sergi López",R,"Mexico,Spain,Color"
Casino,8.2,"Crime,Drama",1995,178,"A tale of greed, deception, money, power, and murder occur between two best friends: a mafia enforcer and a casino executive compete against each other over a gambling empire, and over a fas...","Robert De Niro,Sharon Stone,Joe Pesci",R,"United States,France,Color"
Ran,8.2,"Action,Drama,War",1985,162,"In Medieval Japan, an elderly warlord retires, handing over his empire to his three sons. However, he vastly underestimates how the new-found power will corrupt them and cause them to turn o...","Tatsuya Nakadai,Akira Terao,Jinpachi Nezu",R,"Japan,France,Color"
Judgment at Nuremberg,8.3,"Drama,War",1961,179,"In 1948, an American court in occupied Germany tries four Nazis judged for war crimes.","Spencer Tracy,Burt Lancaster,Richard Widmark",Approved,"United States,Black and White"
The Wolf of Wall Street,8.2,"Biography,Comedy,Crime",2013,3,"Based on the true story of Jordan Belfort, from his rise to a wealthy stock-broker living the high life to his fall involving crime, corruption and the federal government.","Leonardo DiCaprio,Jonah Hill,Margot Robbie",R,"United States,Color"
Green Book,8.2,"Biography,Comedy,Drama",2018,130,A working-class Italian-American bouncer becomes the driver for an African-American classical pianist on a tour of venues through the 1960s American South.,"Viggo Mortensen,Mahershala Ali,Linda Cardellini",PG-13,"United States,China,Color"
All About Eve,8.2,Drama,1950,138,A seemingly timid but secretly ruthless ingénue insinuates herself into the lives of an aging Broadway star and her circle of theater friends.,"Bette Davis,Anne Baxter,George Sanders",Passed,"United States,Black and White"
The Father,8.2,"Drama,Mystery",2020,97,"A man refuses all assistance from his daughter as he ages. As he tries to make sense of his changing circumstances, he begins to doubt his loved ones, his own mind and even the fabric of his...","Anthony Hopkins,Olivia Colman,Mark Gatiss",PG-13,"United Kingdom,France,United States,Color"
Some Like It Hot,8.2,"Comedy,Music,Romance",1959,121,"After two male musicians witness a mob hit, they flee the state in an all-female band disguised as women, but further complications set in.","Marilyn Monroe,Tony Curtis,Jack Lemmon",Passed,"United States,Black and White"
The Kid,8.3,"Comedy,Drama,Family",1921,68,,"Charles Chaplin,Edna Purviance,Jackie Coogan",Passed,"United States,Silent"
Batman Begins,8.2,"Action,Crime,Drama",2005,140,"After training with his mentor, Batman begins his fight to free crime-ridden Gotham City from corruption.","Christian Bale,Michael Caine,Ken Watanabe",PG-13,"United States,United Kingdom,Color"
Dangal,8.3,"Action,Biography,Drama",2016,161,Former wrestler Mahavir Singh Phogat and his two wrestler daughters struggle towards glory at the Commonwealth Games in the face of societal oppression.,"Aamir Khan,Sakshi Tanwar,Fatima Sana Shaikh",Not Rated,"India,United States,Color"
For a Few Dollars More,8.2,Western,1965,132,Two bounty hunters with the same intentions team up to track down an escaped Mexican outlaw.,"Clint Eastwood,Lee Van Cleef,Gian Maria Volontè",R,"Italy,Spain,West Germany,Color"
Downfall,8.2,"Biography,Drama,History",2004,156,,"Bruno Ganz,Alexandra Maria Lara,Ulrich Matthes",R,"Germany,Austria,Italy,Color"
1917,8.2,"Action,Drama,War",2019,119,"April 6th, 1917. As an infantry battalion assembles to wage war deep in enemy territory, two soldiers are assigned to race against time and deliver a message that will stop 1,600 men from wa...","Dean-Charles Chapman,George MacKay,Daniel Mays",R,"United Kingdom,United States,India,Spain,Color"
Like Stars on Earth,8.4,"Drama,Family",2007,165,"An eight-year-old boy is thought to be a lazy trouble-maker, until the new art teacher has the patience and compassion to discover the real problem behind his struggles in school.","Darsheel Safary,Aamir Khan,Tisca Chopra",PG,"India,Color"
Indiana Jones and the Last Crusade,8.2,"Action,Adventure",1989,127,"In 1938, after his father Professor Henry Jones, Sr. goes missing while pursuing the Holy Grail, Professor Henry ""Indiana"" Jones, Jr. finds himself up against Adolf Hitler's Nazis again to s...","Harrison Ford,Sean Connery,Alison Doody",PG-13,"United States,Color"
Bicycle Thieves,8.3,Drama,1948,89,"In post-war Italy, a working-class man's bicycle is stolen, endangering his efforts to find work. He and his son set out to find it.","Lamberto Maggiorani,Enzo Staiola,Lianella Carell",Not Rated,"Italy,Black and White"
Snatch,8.2,"Comedy,Crime",2000,102,"Unscrupulous boxing promoters, violent bookmakers, a Russian gangster, incompetent amateur robbers and supposedly Jewish jewelers fight to track down a priceless stolen diamond.","Jason Statham,Brad Pitt,Stephen Graham",R,"United Kingdom,United States,Color"
Die Hard,8.2,"Action,Thriller",1988,132,A New York City police officer tries to save his estranged wife and several others taken hostage by terrorists during a Christmas party at the Nakatomi Plaza in Los Angeles.,"Bruce Willis,Alan Rickman,Bonnie Bedelia",R,"United States,Color"
L.A. Confidential,8.2,"Crime,Drama,Mystery",1997,138,"As corruption grows in 1950s Los Angeles, three policemen - one strait-laced, one brutal, and one sleazy - investigate a series of murders with their own brand of justice.","Kevin Spacey,Russell Crowe,Guy Pearce",R,"United States,Color"
Metropolis,8.3,"Drama,Sci-Fi",1927,153,"In a futuristic city sharply divided between the working class and the city planners, the son of the city's mastermind falls in love with a working-class prophet who predicts the coming of a...","Brigitte Helm,Alfred Abel,Gustav Fröhlich",Not Rated,"Germany,Silent"
A Separation,8.3,Drama,2011,123,A married couple are faced with a difficult decision - to improve the life of their child by moving to another country or to stay in Iran and look after a deteriorating parent who has Alzhei...,"Payman Maadi,Leila Hatami,Sareh Bayat",PG-13,"Iran,France,Australia,Color"
Taxi Driver,8.2,"Crime,Drama",1976,114,"A mentally unstable veteran works as a nighttime taxi driver in New York City, where the perceived decadence and sleaze fuels his urge for violent action.","Robert De Niro,Jodie Foster,Cybill Shepherd",R,"United States,Stereo,Dolby Digital"
Heat,8.3,"Action,Crime,Drama",1995,170,A group of high-end professional thieves start to feel the heat from the LAPD when they unknowingly leave a clue at their latest heist.,"Al Pacino,Robert De Niro,Val Kilmer",R,"United States,Color"
Up,8.3,"Animation,Adventure,Comedy",2009,96,"78-year-old Carl Fredricksen travels to Paradise Falls in his house equipped with balloons, inadvertently taking a young stowaway.","Edward Asner,Jordan Nagai,John Ratzenberger",PG,"United States,Color"
Incendies,8.3,"Drama,Mystery",2010,131,Twins journey to the Middle East to discover their family history and fulfill their mother's last wishes.,"Lubna Azabal,Mélissa Désormeaux-Poulin,Maxim Gaudette",R,"Canada,France,Color"
The Sting,8.3,"Comedy,Crime,Drama",1973,129,Two grifters team up to pull off the ultimate con.,"Paul Newman,Robert Redford,Robert Shaw",PG,"United States,Color"
To Kill a Mockingbird,8.3,"Crime,Drama",1962,129,"Atticus Finch, a widowed lawyer in Depression-era Alabama, defends a black man against an undeserved rape charge, and his children against prejudice.","Gregory Peck,John Megna,Frank Overton",Approved,"United States,Black and White"
Scarface,8.3,"Crime,Drama",1983,170,"In 1980 Miami, a determined Cuban immigrant takes over a drug cartel and succumbs to greed.","Al Pacino,Michelle Pfeiffer,Steven Bauer",R,"United States,Color"
Hamilton,8.4,"Biography,Drama,History",2020,160,"The real life of one of America's foremost founding fathers and first Secretary of the Treasury, Alexander Hamilton. Captured live on Broadway from the Richard Rodgers Theater with the origi...","Lin-Manuel Miranda,Phillipa Soo,Leslie Odom Jr.",PG-13,"United States,Color"
Full Metal Jacket,8.3,"Drama,War",1987,116,A pragmatic U.S. Marine observes the dehumanizing effects the Vietnam War has on his fellow recruits from their brutal boot camp training to the bloody street fighting in Hue.,"Matthew Modine,R. Lee Ermey,Vincent D'Onofrio",R,"United Kingdom,United States,Color"
Double Indemnity,8.3,"Crime,Drama,Film-Noir",1944,107,"A Los Angeles insurance representative lets an alluring housewife seduce him into a scheme of insurance fraud and murder that arouses the suspicion of his colleague, an insurance investigato...","Fred MacMurray,Barbara Stanwyck,Edward G. Robinson",Passed,"United States,Black and White"
Ikiru,8.3,Drama,1952,143,A bureaucrat tries to find meaning in his life after he discovers he has terminal cancer.,"Takashi Shimura,Nobuo Kaneko,Shin'ichi Himori",Not Rated,"Japan,Black and White"
The Apartment,8.3,"Comedy,Drama,Romance",1960,125,"A Manhattan insurance clerk tries to rise in his company by letting its executives use his apartment for trysts, but complications and a romance of his own ensue.","Jack Lemmon,Shirley MacLaine,Fred MacMurray",Approved,"United States,Black and White"
A Clockwork Orange,8.3,"Crime,Sci-Fi",1971,136,"In the future, a sadistic gang leader is imprisoned and volunteers for a conduct-aversion experiment, but it doesn't go as planned.","Malcolm McDowell,Patrick Magee,Michael Bates",X,"United Kingdom,United States,Color,Black and White"
Amélie,8.3,"Comedy,Romance",2001,122,"Amélie is an innocent and naive girl in Paris with her own sense of justice. She decides to help those around her and, along the way, discovers love.","Audrey Tautou,Mathieu Kassovitz,Rufus",R,"France,Germany,Color,Black and White"
Vertigo,8.3,"Mystery,Romance,Thriller",1958,128,"A former San Francisco police detective juggles wrestling with his personal demons and becoming obsessed with the hauntingly beautiful woman he has been hired to trail, who may be deeply dis...","James Stewart,Kim Novak,Barbara Bel Geddes",PG,"United States,Color"
North by Northwest,8.3,"Action,Adventure,Mystery",1959,136,"A New York City advertising executive goes on the run after being mistaken for a government agent by a group of foreign spies, and falls for a woman whose loyalties he begins to doubt.","Cary Grant,Eva Marie Saint,James Mason",Approved,"United States,Color"
Lawrence of Arabia,8.3,"Adventure,Biography,Drama",1962,218,"The story of T.E. Lawrence, the English officer who successfully united and led the diverse, often warring, Arab tribes during World War I in order to fight the Turks.","Peter O'Toole,Alec Guinness,Anthony Quinn",Approved,"United Kingdom,Color"
M,8.3,"Crime,Mystery,Thriller",1931,99,"When the police in a German city are unable to catch a child-murderer, other criminals join in the manhunt.","Peter Lorre,Ellen Widmann,Inge Landgut",Passed,"Germany,Black and White"
Citizen Kane,8.3,"Drama,Mystery",1941,119,"Following the death of publishing tycoon Charles Foster Kane, reporters scramble to uncover the meaning of his final utterance: 'Rosebud.'","Orson Welles,Joseph Cotten,Dorothy Comingore",PG,"United States,Black and White"
Come and See,8.4,"Drama,Thriller,War",1985,142,"After finding an old rifle, a young boy joins the Soviet resistance movement against ruthless German forces and experiences the horrors of World War II.","Aleksey Kravchenko,Olga Mironova,Liubomiras Laucevicius",Not Rated,"Soviet Union,Color"
The Hunt,8.3,Drama,2012,115,"A teacher lives a lonely life, all the while struggling over his son's custody. His life slowly gets better as he finds love and receives good news from his son, but his new luck is about to...","Mads Mikkelsen,Thomas Bo Larsen,Annika Wedderkopp",R,"Denmark,Sweden,Color"
Reservoir Dogs,8.3,"Crime,Thriller",1992,99,"When a simple jewelry heist goes horribly wrong, the surviving criminals begin to suspect that one of them is a police informant.","Harvey Keitel,Tim Roth,Michael Madsen",R,"United States,Color"
Eternal Sunshine of the Spotless Mind,8.3,"Drama,Romance,Sci-Fi",2004,108,"When their relationship turns sour, a couple undergoes a medical procedure to have each other erased from their memories for ever.","Jim Carrey,Kate Winslet,Tom Wilkinson",R,"United States,Color"
2001: A Space Odyssey,8.3,"Adventure,Sci-Fi",1968,149,"After uncovering a mysterious artifact buried beneath the Lunar surface, a spacecraft is sent to Jupiter to find its origins - a spacecraft manned by two men and the supercomputer H.A.L. 900...","Keir Dullea,Gary Lockwood,William Sylvester",G,"United Kingdom,United States,Color"
Capernaum,8.4,Drama,2018,126,"While serving a five-year sentence for a violent crime, a 12-year-old boy sues his parents for neglect.","Zain Al Rafeea,Yordanos Shiferaw,Boluwatife Treasure Bankole",R,"Lebanon,France,Cyprus,Qatar,United Kingdom,Color"
Star Wars: Episode VI - Return of the Jedi,8.3,"Action,Adventure,Fantasy",1983,131,"After a daring mission to rescue Han Solo from Jabba the Hutt, the Rebels dispatch to Endor to destroy the second Death Star. Meanwhile, Luke struggles to help Darth Vader back from the dark...","Mark Hamill,Harrison Ford,Carrie Fisher",PG,"United States,Color"
High and Low,8.4,"Crime,Drama,Mystery",1963,143,An executive of a Yokohama shoe company becomes a victim of extortion when his chauffeur's son is kidnapped by mistake and held for ransom.,"Toshirô Mifune,Yutaka Sada,Tatsuya Nakadai",Not Rated,"Japan,Black and White"
Toy Story 3,8.3,"Animation,Adventure,Comedy",2010,103,"The toys are mistakenly delivered to a day-care center instead of the attic right before Andy leaves for college, and it's up to Woody to convince the other toys that they weren't abandoned ...","Tom Hanks,Tim Allen,Joan Cusack",G,"United States,Color"
3 Idiots,8.4,"Comedy,Drama",2009,170,"Two friends are searching for their long lost companion. They revisit their college days and recall the memories of their friend who inspired them to think differently, even as the rest of t...","Aamir Khan,Madhavan,Mona Singh",PG-13,"India,Color"
Singin' in the Rain,8.3,"Comedy,Musical,Romance",1952,103,A silent film star falls for a chorus girl just as he and his delusionally jealous screen partner are trying to make the difficult transition to talking pictures in 1920s Hollywood.,"Gene Kelly,Donald O'Connor,Debbie Reynolds",G,"United States,Color,Black and White"
Requiem for a Dream,8.3,Drama,2000,102,The drug-induced utopias of four Coney Island people are shattered when their addictions run deep.,"Ellen Burstyn,Jared Leto,Jennifer Connelly",Unrated,"United States,Color"
Top Gun: Maverick,8.4,"Action,Drama",2022,130,"After thirty years, Maverick is still pushing the envelope as a top naval aviator, but must confront ghosts of his past when he leads TOP GUN's elite graduates on a mission that demands the ...","Tom Cruise,Jennifer Connelly,Miles Teller",PG-13,"United States,Color"
Your Name.,8.4,"Animation,Drama,Fantasy",2016,106,"Two strangers find themselves linked in a bizarre way. When a connection forms, will distance be the only thing to keep them apart?","Ryûnosuke Kamiki,Mone Kamishiraishi,Ryô Narita",TV-PG,"Japan,Color"
Good Will Hunting,8.3,"Drama,Romance",1997,126,"Will Hunting, a janitor at M.I.T., has a gift for mathematics, but needs help from a psychologist to find direction in his life.","Robin Williams,Matt Damon,Ben Affleck",R,"United States,Color"
Once Upon a Time in America,8.3,"Crime,Drama",1984,229,"A former Prohibition-era Jewish gangster returns to the Lower East Side of Manhattan 35 years later, where he must once again confront the ghosts and regrets of his old life.","Robert De Niro,James Woods,Elizabeth McGovern",R,"Italy,United States,Color"
Princess Mononoke,8.4,"Animation,Action,Adventure",1997,134,"On a journey to find the cure for a Tatarigami's curse, Ashitaka finds himself in the middle of a war between the forest gods and Tatara, a mining colony. In this quest he also meets San, th...","Yôji Matsuda,Yuriko Ishida,Yûko Tanaka",PG-13,"Japan,Color"
Avengers: Endgame,8.4,"Action,Adventure,Drama",2019,181,"After the devastating events of Avengers: Infinity War (2018), the universe is in ruins. With the help of remaining allies, the Avengers assemble once more in order to reverse Thanos' action...","Robert Downey Jr.,Chris Evans,Mark Ruffalo",PG-13,"United States,Dolby Atmos,Auro 11.1,Dolby Surround 7.1,Dolby Digital,Sonics-DDP,12-Track Digital Sound,IMAX 6-Track,SDDS"
Braveheart,8.4,"Biography,Drama,History",1995,178,Scottish warrior William Wallace leads his countrymen in a rebellion to free his homeland from the tyranny of King Edward I of England.,"Mel Gibson,Sophie Marceau,Patrick McGoohan",R,"United States,Color"
Toy Story,8.3,"Animation,Adventure,Comedy",1995,81,A cowboy doll is profoundly threatened and jealous when a new spaceman action figure supplants him as top toy in a boy's bedroom.,"Tom Hanks,Tim Allen,Don Rickles",G,"United States,Dolby Digital,DTS-ES,Dolby,SDDS,Dolby Digital EX,Dolby Stereo"
Coco,8.4,"Animation,Adventure,Comedy",2017,105,"Aspiring musician Miguel, confronted with his family's ancestral ban on music, enters the Land of the Dead to find his great-great-grandfather, a legendary singer.","Anthony Gonzalez,Gael García Bernal,Benjamin Bratt",PG,"United States,Color"
Joker,8.4,"Crime,Drama,Thriller",2019,122,A mentally troubled stand-up comedian embarks on a downward spiral that leads to the creation of an iconic villain.,"Joaquin Phoenix,Robert De Niro,Zazie Beetz",R,"United States,Canada,Color"
Inglourious Basterds,8.3,"Adventure,Drama,War",2009,153,"In Nazi-occupied France during World War II, a plan to assassinate Nazi leaders by a group of Jewish U.S. soldiers coincides with a theatre owner's vengeful plans for the same.","Brad Pitt,Diane Kruger,Eli Roth",R,"Germany,United States,Color"
Amadeus,8.4,"Biography,Drama,Music",1984,160,"The life, success and troubles of Wolfgang Amadeus Mozart, as told by Antonio Salieri, the contemporaneous composer who was deeply jealous of Mozart's talent and claimed to have murdered him...","F. Murray Abraham,Tom Hulce,Elizabeth Berridge",PG,"United States,France,Italy,Color"
Oldboy,8.4,"Action,Drama,Mystery",2003,2,"After being kidnapped and imprisoned for fifteen years, Oh Dae-Su is released, only to find that he must find his captor in five days.","Choi Min-sik,Yoo Ji-tae,Kang Hye-jeong",R,"South Korea,Color"
The Dark Knight Rises,8.4,"Action,Drama",2012,164,"Eight years after the Joker's reign of anarchy, Batman, with the help of the enigmatic Selina Kyle, is forced from his exile to save Gotham City from the brutal guerrilla terrorist Bane.","Christian Bale,Tom Hardy,Anne Hathaway",PG-13,"United States,United Kingdom,Color"
Dr. Strangelove or: How I Learned to Stop Worrying and Love the Bomb,8.4,"Comedy,War",1964,95,"An insane American general orders a bombing attack on the Soviet Union, triggering a path to nuclear holocaust that a war room full of politicians and generals frantically tries to stop.","Peter Sellers,George C. Scott,Sterling Hayden",PG,"United Kingdom,United States,Black and White"
American Beauty,8.4,Drama,1999,122,A sexually frustrated suburban father has a mid-life crisis after becoming infatuated with his daughter's best friend.,"Kevin Spacey,Annette Bening,Thora Birch",R,"United States,Color,Black and White"
Spider-Man: Into the Spider-Verse,8.4,"Animation,Action,Adventure",2018,117,"Teen Miles Morales becomes the Spider-Man of his universe, and must join with five spider-powered individuals from other dimensions to stop a threat for all realities.","Shameik Moore,Jake Johnson,Hailee Steinfeld",PG,"United States,Color"
Aliens,8.4,"Action,Adventure,Sci-Fi",1986,137,"Fifty-seven years after surviving an apocalyptic attack aboard her space vessel by merciless space creatures, Officer Ripley awakens from hyper-sleep and tries to warn anyone who will listen...","Sigourney Weaver,Michael Biehn,Carrie Henn",R,"United Kingdom,United States,Color"
Witness for the Prosecution,8.4,"Crime,Drama,Mystery",1957,116,A veteran British barrister must defend his client in a murder trial that has surprise after surprise.,"Tyrone Power,Marlene Dietrich,Charles Laughton",Approved,"United States,Black and White"
Avengers: Infinity War,8.4,"Action,Adventure,Sci-Fi",2018,149,The Avengers and their allies must be willing to sacrifice all in an attempt to defeat the powerful Thanos before his blitz of devastation and ruin puts an end to the universe.,"Robert Downey Jr.,Chris Hemsworth,Mark Ruffalo",PG-13,"United States,IMAX 6-Track,Dolby Surround 7.1,Dolby Digital,Dolby Atmos,Sonics-DDP,Auro 11.1"
The Great Dictator,8.4,"Comedy,Drama,War",1940,125,Dictator Adenoid Hynkel tries to expand his empire while a poor Jewish barber tries to avoid persecution from Hynkel's regime.,"Charles Chaplin,Paulette Goddard,Jack Oakie",G,"United States,Black and White"
The Shining,8.4,"Drama,Horror",1980,146,"A family heads to an isolated hotel for the winter where a sinister presence influences the father into violence, while his psychic son sees horrific forebodings from both past and future.","Jack Nicholson,Shelley Duvall,Danny Lloyd",R,"United Kingdom,United States,Color"
Paths of Glory,8.4,"Drama,War",1957,88,"After refusing to attack an enemy position, a general accuses the soldiers of cowardice and their commanding officer must defend them.","Kirk Douglas,Ralph Meeker,Adolphe Menjou",Approved,"United States,Black and White"
Sunset Blvd.,8.4,"Drama,Film-Noir",1950,110,A screenwriter develops a dangerous relationship with a faded film star determined to make a triumphant return.,"William Holden,Gloria Swanson,Erich von Stroheim",Passed,"United States,Black and White"
The Lives of Others,8.4,"Drama,Mystery,Thriller",2006,137,,"Ulrich Mühe,Martina Gedeck,Sebastian Koch",R,"Germany,France,Color"
WALL·E,8.4,"Animation,Adventure,Family",2008,98,"In the distant future, a small waste-collecting robot inadvertently embarks on a space journey that will ultimately decide the fate of mankind.","Ben Burtt,Elissa Knight,Jeff Garlin",G,"United States,Color"
Django Unchained,8.4,"Drama,Western",2012,165,"With the help of a German bounty-hunter, a freed slave sets out to rescue his wife from a brutal plantation-owner in Mississippi.","Jamie Foxx,Christoph Waltz,Leonardo DiCaprio",R,"United States,Color"
Indiana Jones and the Raiders of the Lost Ark,8.4,"Action,Adventure",1981,115,"Archaeology professor Indiana Jones ventures to seize a biblical artefact known as the Ark of the Covenant. While doing so, he puts up a fight against Renee and a troop of Nazis.","Harrison Ford,Karen Allen,Paul Freeman",PG,"United States,Color"
Memento,8.4,"Mystery,Thriller",2000,113,A man with short-term memory loss attempts to track down his wife's murderer.,"Guy Pearce,Carrie-Anne Moss,Joe Pantoliano",R,"United States,Color,Black and White"
Apocalypse Now,8.5,"Drama,Mystery,War",1979,147,A U.S. Army officer serving in Vietnam is tasked with assassinating a renegade Special Forces Colonel who sees himself as a god.,"Martin Sheen,Marlon Brando,Robert Duvall",R,"United States,Color"
City Lights,8.5,"Comedy,Drama,Romance",1931,87,,"Charles Chaplin,Virginia Cherrill,Florence Lee",G,"United States,Black and White"
Alien,8.5,"Horror,Sci-Fi",1979,117,The crew of a commercial spacecraft encounter a deadly lifeform after investigating an unknown transmission.,"Sigourney Weaver,Tom Skerritt,John Hurt",R,"United Kingdom,United States,Color"
Cinema Paradiso,8.5,"Drama,Romance",1988,155,A filmmaker recalls his childhood when falling in love with the pictures at the cinema of his home village and forms a deep friendship with the cinema's projectionist.,"Philippe Noiret,Enzo Cannavale,Antonella Attili",PG,"Italy,France,Color"
Rear Window,8.5,"Mystery,Thriller",1954,112,"A wheelchair-bound photographer spies on his neighbors from his Greenwich Village courtyard apartment window, and becomes convinced one of them has committed murder, despite the skepticism o...","James Stewart,Grace Kelly,Wendell Corey",PG,"United States,Color"
Once Upon a Time in the West,8.5,Western,1968,165,A mysterious stranger with a harmonica joins forces with a notorious desperado to protect a beautiful widow from a ruthless assassin working for the railroad.,"Henry Fonda,Charles Bronson,Claudia Cardinale",PG-13,"Italy,United States,Color"
Modern Times,8.5,"Comedy,Drama,Romance",1936,87,The Tramp struggles to live in modern industrial society with the help of a young homeless woman.,"Charles Chaplin,Paulette Goddard,Henry Bergman",G,"United States,Black and White"
The Intouchables,8.5,"Biography,Comedy,Drama",2011,112,"After he becomes a quadriplegic from a paragliding accident, an aristocrat hires a young man from the projects to be his caregiver.","François Cluzet,Omar Sy,Anne Le Ny",R,"France,Color"
Grave of the Fireflies,8.5,"Animation,Drama,War",1988,89,A young boy and his little sister struggle to survive in Japan during World War II.,"Tsutomu Tatsumi,Ayano Shiraishi,Akemi Yamaguchi",Not Rated,"Japan,Color"
Harakiri,8.6,"Action,Drama,Mystery",1962,133,,"Tatsuya Nakadai,Akira Ishihama,Shima Iwashita",Not Rated,"Japan,Black and White"
Casablanca,8.5,"Drama,Romance,War",1942,102,A cynical expatriate American cafe owner struggles to decide whether or not to help his former lover and her fugitive husband escape the Nazis in French Morocco.,"Humphrey Bogart,Ingrid Bergman,Paul Henreid",PG,"United States,Black and White"
Whiplash,8.5,"Drama,Music",2014,106,A promising young drummer enrolls at a cut-throat music conservatory where his dreams of greatness are mentored by an instructor who will stop at nothing to realize a student's potential.,"Miles Teller,J.K. Simmons,Melissa Benoist",R,"United States,Color"
The Prestige,8.5,"Drama,Mystery,Sci-Fi",2006,130,"After a tragic accident, two stage magicians in 1890s London engage in a battle to create the ultimate illusion while sacrificing everything they have to outwit each other.","Christian Bale,Hugh Jackman,Scarlett Johansson",PG-13,"United Kingdom,United States,Color"
The Usual Suspects,8.5,"Crime,Drama,Mystery",1995,106,"A sole survivor tells of the twisty events leading up to a horrific gun battle on a boat, which began when five criminals met at a seemingly random police lineup.","Kevin Spacey,Gabriel Byrne,Chazz Palminteri",R,"United States,Germany,Dolby SR,Dolby Digital"
The Departed,8.5,"Crime,Drama,Thriller",2006,151,An undercover cop and a mole in the police attempt to identify each other while infiltrating an Irish gang in South Boston.,"Leonardo DiCaprio,Matt Damon,Jack Nicholson",R,"United States,Hong Kong,Color"
American History X,8.5,"Crime,Drama",1998,119,A former neo-nazi skinhead tries to prevent his younger brother from going down the same wrong path that he did.,"Edward Norton,Edward Furlong,Beverly D'Angelo",R,"United States,Color"
Gladiator,8.5,"Action,Adventure,Drama",2000,155,A former Roman General sets out to exact vengeance against the corrupt emperor who murdered his family and sent him into slavery.,"Russell Crowe,Joaquin Phoenix,Connie Nielsen",R,"United States,United Kingdom,Malta,Morocco,Color"
The Lion King,8.5,"Animation,Adventure,Drama",1994,88,"Lion prince Simba and his father are targeted by his bitter uncle, who wants to ascend the throne himself.","Matthew Broderick,Jeremy Irons,James Earl Jones",G,"United States,Color"
Léon: The Professional,8.5,"Action,Crime,Drama",1994,110,"12-year-old Mathilda is reluctantly taken in by Léon, a professional assassin, after her family is murdered. An unusual relationship forms as she becomes his protégée and learns the assassin...","Jean Reno,Gary Oldman,Natalie Portman",R,"France,United States,Color"
Parasite,8.5,"Drama,Thriller",2019,132,Greed and class discrimination threaten the newly formed symbiotic relationship between the wealthy Park family and the destitute Kim clan.,"Song Kang-ho,Lee Sun-kyun,Cho Yeo-jeong",R,"South Korea,Color"
The Pianist,8.5,"Biography,Drama,Music",2002,150,A Polish Jewish musician struggles to survive the destruction of the Warsaw ghetto of World War II.,"Adrien Brody,Thomas Kretschmann,Frank Finlay",R,"France,Poland,Germany,United Kingdom,Color"
Psycho,8.5,"Horror,Mystery,Thriller",1960,109,"A Phoenix secretary embezzles $40,000 from her employer's client, goes on the run and checks into a remote motel run by a young man under the domination of his mother.","Anthony Perkins,Janet Leigh,Vera Miles",R,"United States,Black and White"
Spirited Away,8.6,"Animation,Adventure,Family",2001,125,"During her family's move to the suburbs, a sullen 10-year-old girl wanders into a world ruled by gods, witches, and spirits, and where humans are changed into beasts.","Daveigh Chase,Suzanne Pleshette,Miyu Irino",PG,"Japan,Color"
Back to the Future,8.5,"Adventure,Comedy,Sci-Fi",1985,116,"Marty McFly, a 17-year-old high school student, is accidentally sent 30 years into the past in a time-traveling DeLorean invented by his close friend, the maverick scientist Doc Brown.","Michael J. Fox,Christopher Lloyd,Lea Thompson",PG,"United States,Color"
Terminator 2: Judgment Day,8.6,"Action,Sci-Fi",1991,137,"A cyborg, identical to the one who failed to kill Sarah Connor, must now protect her 10-year old adolescent son John from an even more advanced and powerful cyborg.","Arnold Schwarzenegger,Linda Hamilton,Edward Furlong",R,"United States,Color"
Star Wars: Episode IV - A New Hope,8.6,"Action,Adventure,Fantasy",1977,121,"Luke Skywalker joins forces with a Jedi Knight, a cocky pilot, a Wookiee and two droids to save the galaxy from the Empire's world-destroying battle station, while also attempting to rescue ...","Mark Hamill,Harrison Ford,Carrie Fisher",PG,"United States,Dolby Atmos,Mono,70 mm 6-Track"
The Green Mile,8.6,"Crime,Drama,Fantasy",1999,189,"The lives of guards on Death Row are affected by one of their charges: a black man accused of child murder and rape, yet who has a mysterious gift.","Tom Hanks,Michael Clarke Duncan,David Morse",R,"United States,Color"
Interstellar,8.6,"Adventure,Drama,Sci-Fi",2014,169,A team of explorers travel through a wormhole in space in an attempt to ensure humanity's survival.,"Matthew McConaughey,Anne Hathaway,Jessica Chastain",PG-13,"United States,United Kingdom,Canada,Datasat,Dolby Digital,IMAX 6-Track,Dolby Surround 7.1"
Life Is Beautiful,8.6,"Comedy,Drama,Romance",1997,116,"When an open-minded Jewish waiter and his son become victims of the Holocaust, he uses a perfect mixture of will, humor, and imagination to protect his son from the dangers around their camp...","Roberto Benigni,Nicoletta Braschi,Giorgio Cantarini",PG-13,"Italy,Color"
Saving Private Ryan,8.6,"Drama,War",1998,169,"Following the Normandy Landings, a group of U.S. soldiers go behind enemy lines to retrieve a paratrooper whose brothers have been killed in action.","Tom Hanks,Matt Damon,Tom Sizemore",R,"United States,Color"
City of God,8.6,"Crime,Drama",2002,130,"In the slums of Rio, two kids' paths diverge as one struggles to become a photographer and the other a kingpin.","Alexandre Rodrigues,Leandro Firmino,Matheus Nachtergaele",R,"Brazil,France,Germany,Color"
The Silence of the Lambs,8.6,"Crime,Drama,Thriller",1991,118,"A young F.B.I. cadet must receive the help of an incarcerated and manipulative cannibal killer to help catch another serial killer, a madman who skins his victims.","Jodie Foster,Anthony Hopkins,Lawrence A. Bonney",R,"United States,Color"
It's a Wonderful Life,8.6,"Drama,Family,Fantasy",1946,130,An angel is sent from Heaven to help a desperately frustrated businessman by showing him what life would have been like if he had never existed.,"James Stewart,Donna Reed,Lionel Barrymore",PG,"United States,Black and White"
Seven Samurai,8.6,"Action,Drama",1954,207,"Farmers from a village exploited by bandits hire a veteran samurai for protection, who gathers six other samurai to join him.","Toshirô Mifune,Takashi Shimura,Keiko Tsushima",Not Rated,"Japan,Black and White"
Se7en,8.6,"Crime,Drama,Mystery",1995,127,"Two detectives, a rookie and a veteran, hunt a serial killer who uses the seven deadly sins as his motives.","Morgan Freeman,Brad Pitt,Kevin Spacey",R,"United States,Color"
One Flew Over the Cuckoo's Nest,8.7,Drama,1975,133,"In the Fall of 1963, a Korean War veteran and criminal pleads insanity and is admitted to a mental institution, where he rallies up the scared patients against the tyrannical nurse.","Jack Nicholson,Louise Fletcher,Michael Berryman",R,"United States,Color"
Goodfellas,8.7,"Biography,Crime,Drama",1990,145,"The story of Henry Hill and his life in the mob, covering his relationship with his wife Karen Hill and his mob partners Jimmy Conway and Tommy DeVito in the Italian-American crime syndicate...","Robert De Niro,Ray Liotta,Joe Pesci",R,"United States,Color"
