title,Score,Genre,Date,duree,Descriptions,Acteurs,Public
Planet Earth II,9.5,Documentary,2016,298,David Attenborough returns with a new wildlife documentary that shows life in a variety of habitats.,"David Attenborough,Chadden Hunter,Gordon Buchanan",TV-G
Breaking Bad,9.5,"Crime,Drama,Thriller",2008–2013,49,A chemistry teacher diagnosed with inoperable lung cancer turns to manufacturing and selling methamphetamine with a former student in order to secure his family's future.,"Vince Gilligan,Bryan Cranston,Aaron Paul,Anna Gunn",TV-MA
Planet Earth,9.4,Documentary,2006,538,"Emmy Award-winning, 11 episodes, five years in the making, the most expensive nature documentary series ever commissioned by the BBC, and the first to be filmed in high definition.","Sigourney Weaver,David Attenborough,Nikolay Drozdov",TV-PG
Band of Brothers,9.4,"Drama,History,War",2001,594,"The story of Easy Company of the U.S. Army 101st Airborne Division and their mission in World War II Europe, from Operation Overlord to V-J Day.","Scott Grimes,Damian Lewis,Ron Livingston",TV-MA
Chernobyl,9.4,"Drama,History,Thriller",2019,330,"In April 1986, an explosion at the Chernobyl nuclear power plant in the Union of Soviet Socialist Republics becomes one of the world's worst man-made catastrophes.","Craig Mazin,Jessie Buckley,Jared Harris,Stellan Skarsgård",TV-MA
The Wire,9.3,"Crime,Drama,Thriller",2002–2008,59,"The Baltimore drug scene, as seen through the eyes of drug dealers and law enforcement.","David Simon,Dominic West,Lance Reddick,Sonja Sohn",TV-MA
Blue Planet II,9.3,Documentary,2017–2022,364,"David Attenborough returns to the world's oceans in this sequel to the acclaimed documentary filming rare and unusual creatures of the deep, as well as documenting the problems our oceans face.","David Attenborough,Peter Drost,Russell Boulter",TV-G
Avatar: The Last Airbender,9.3,"Animation,Action,Adventure",2005–2008,23,"In a war-torn world of elemental magic, a young boy reawakens to undertake a dangerous mystic quest to fulfill his destiny as the Avatar, and bring peace to the world.","Michael Dante DiMartino,Bryan Konietzko,Dee Bradley Baker,Zach Tyler Eisen,Mae Whitman",TV-Y7-FV
Cosmos: A Spacetime Odyssey,9.3,Documentary,2014,557,An exploration of our discovery of the laws of nature and coordinates in space and time.,"Neil deGrasse Tyson,Christopher Emerson,Keythe Farley",TV-PG
The Sopranos,9.2,"Crime,Drama",1999–2007,55,"New Jersey mob boss Tony Soprano deals with personal and professional issues in his home and business life that affect his mental state, leading him to seek professional psychiatric counseling.","David Chase,James Gandolfini,Lorraine Bracco,Edie Falco",TV-MA
Cosmos,9.3,Documentary,1980,13,Astronomer Carl Sagan leads us on an engaging guided tour of the various elements and cosmological theories of the universe.,"Ann Druyan,Carl Sagan,Steven Soter,Carl Sagan,Jaromír Hanzlík,Jonathan Fahn",TV-PG
Our Planet,9.3,Documentary,2019,403,"Documentary series focusing on the breadth of the diversity of habitats around the world, from the remote Arctic wilderness and mysterious deep oceans to the vast landscapes of Africa and diverse jungles of South America.",David Attenborough,TV-G
Game of Thrones,9.2,"Action,Adventure,Drama",2011–2019,57,"Nine noble families fight for control over the lands of Westeros, while an ancient enemy returns after being dormant for millennia.","David Benioff,D.B. Weiss,Emilia Clarke,Peter Dinklage,Kit Harington",TV-MA
Rick and Morty,9.1,"Animation,Adventure,Comedy",2013– ,23,An animated series that follows the exploits of a super scientist and his not-so-bright grandson.,"Dan Harmon,Justin Roiland,Justin Roiland,Chris Parnell,Spencer Grammer",TV-14
The World at War,9.2,"Documentary,History,War",1973–1974,52,,"Laurence Olivier,Averell Harriman,Albert Speer",TV-PG
Fullmetal Alchemist: Brotherhood,9.1,"Animation,Action,Adventure",2009–2010,24,Two brothers search for a Philosopher's Stone after an attempt to revive their deceased mother goes awry and leaves them in damaged physical forms.,"Hiromu Arakawa,Kent Williams,Iemasa Kayumi,Matthew Leonhart",TV-14
Foyle's War,8.6,"Crime,Drama,Mystery",2002–2015,90,"As WWII rages, DCS Foyle fights his own war on the home-front; investigating crime on the south coast of England. Later series, see the retired detective working as an MI5 agent in the aftermath of the war.","Anthony Horowitz,Michael Kitchen,Honeysuckle Weeks,Anthony Howell",TV-14
John Adams,8.5,"Biography,Drama,History",2008,71,"The life of one of the USA's Founding Fathers, its second President, and his role in the nation's first 50 years.","Paul Giamatti,Laura Linney,John Dossett",TV-14
X-Men: The Animated Series,8.5,"Animation,Action,Adventure",1992–1997,23,A team of mutant superheroes fight for justice and human acceptance in the Marvel Comics universe.,"Mark Edward Edens,Sidney Iwanter,Eric Lewald,Cedric Smith,Cal Dodd,Lenore Zann",TV-Y7
The Defiant Ones,8.5,"Documentary,Biography,Crime",2017,1,"""The Defiant Ones"" examines the partnership between Jimmy Iovine and Dr. Dre - one the son of a Brooklyn longshoreman, the other straight out of Compton - and their leading roles in a chain of transformative events in contemporary culture.","Bono,Stevie Nicks,Dr. Dre",TV-MA
Black Books,8.5,Comedy,2000–2004,25,"Bernard Black runs a book shop, though his customer service skills leave something to be desired. He hires Manny as an employee. Fran runs the shop next door. Between the three of them many adventures ensue.","Dylan Moran,Dylan Moran,Bill Bailey,Tamsin Greig",TV-PG
Southland,8.5,"Crime,Drama,Thriller",2009–2013,42,The lives of Police Officers working for the Los Angeles Police Department.,"Ann Biderman,Michael Cudlitz,Shawn Hatosy,Regina King",TV-MA
Derry Girls,8.5,Comedy,2018–2022,30,The personal exploits of a 16-year-old girl and her family and friends during the Troubles in the early 1990s.,"Lisa McGee,Saoirse-Monica Jackson,Louisa Harland,Tara Lynne O'Neill",TV-MA
The Knick,8.5,"Drama,History",2014–2015,58,A look at the professional and personal lives of the staff at New York's Knickerbocker Hospital during the early part of the twentieth century.,"Jack Amiel,Michael Begler,André Holland,Clive Owen,Jeremy Bobb",TV-MA
The Great British Baking Show,8.6,Reality-TV,2010– ,1,Bakers attempt three challenges each week trying to impress the judges enough to go through to the next round and eventually are crowned Britain's best amateur baker.,"Paul Hollywood,Mary Berry,Prue Leith",TV-PG
Big Little Lies,8.5,"Crime,Drama,Mystery",2017–2019,1,The apparently-perfect lives of upper-class mothers of students at a prestigious elementary school unravel to the point of murder when a single mother moves to their quaint California beach town.,"David E. Kelley,Reese Witherspoon,Nicole Kidman,Shailene Woodley",TV-MA
Your Lie in April,8.6,"Animation,Comedy,Drama",2014–2015,23,A piano prodigy who lost his ability to play after suffering a traumatic event in his childhood is forced back into the spotlight by an eccentric girl with a secret of her own.,"Natsuki Hanae,Risa Taneda,Ayane Sakura",TV-PG
Wentworth,8.6,"Crime,Drama,Thriller",2013–2021,45,The confronting look into the lives of the inmates and prison staff of Wentworth Correctional Centre as they navigate the ups and downs of their lives in the prison system.,"Reg Watson,Lara Radulovich,Kate Atkinson,Katrina Milosevic,Robbie Magasiva",TV-MA
Alfred Hitchcock Presents,8.5,"Comedy,Crime,Drama",1955–1962,25,"Series of unrelated short stories covering elements of crime, horror, drama, and comedy about people of different backgrounds committing murders, suicides, thefts, and other sorts of crime caused by certain motivations, perceived or not.","Alfred Hitchcock,Harry Tyler,John Williams",TV-14
My Brilliant Friend,8.6,Drama,2018– ,1,A woman recounts the lifelong friendship and conflicts with a girl she met at primary school in Naples during the early 1950s.,"Saverio Costanzo,Alba Rohrwacher,Margherita Mazzucco,Gaia Girace",TV-MA
The Night Of,8.5,"Crime,Drama,Mystery",2016,525,"After a night of partying with a woman he picked up, a man wakes up to find her stabbed to death and is charged with her murder.","Richard Price,Steven Zaillian,Riz Ahmed,John Turturro,Bill Camp",TV-MA
The Angry Video Game Nerd,8.5,Comedy,2004– ,35,,"James Rolfe,James Rolfe,Mike Matei,Kyle Justin",TV-MA
Generation Kill,8.5,"Drama,War",2008,70,"A Rolling Stone reporter, embedded with The 1st Recon Marines chronicles his experiences during the first wave of the American-led assault on Baghdad in 2003.","Alexander Skarsgård,James Ransone,Lee Tergesen",TV-MA
Chef's Table,8.5,Documentary,2015–2019,50,"Chef's Table goes inside the lives and kitchens of six of the world's most renowned international chefs. Each episode focuses on a single chef and their unique look at their lives, talents and passion from their piece of culinary heaven.","Massimo Bottura,Ruth Reichl,Francis Mallmann",TV-MA
Regular Show,8.5,"Animation,Action,Adventure",2009–2017,23,The daily surreal adventures of a blue jay and raccoon duo that attempt to deal with their mundane jobs as groundskeepers at the local park.,"J.G. Quintel,J.G. Quintel,William Salyers,Sam Marin",TV-PG
Mr Inbetween,8.6,"Crime,Drama",2018–2021,30,"Ray Shoesmith is a father, ex-husband, boyfriend, brother and best friend, tough roles to juggle in the modern age. Especially when you're also a criminal for hire.","Scott Ryan,Scott Ryan,Chika Yasumura,Justin Rosniak",TV-MA
The Expanse,8.5,"Drama,Mystery,Sci-Fi",2015–2022,1,"In the 24th century, a group of humans untangle a vast plot which threatens the Solar System's fragile state of detente.","Daniel Abraham,Mark Fergus,Ty Franck,Steven Strait,Dominique Tipper,Wes Chatham",TV-14
Community,8.5,Comedy,2009–2015,22,A suspended lawyer is forced to enroll in a community college with an eccentric staff and student body.,"Dan Harmon,Joel McHale,Danny Pudi,Donald Glover",TV-14
Schitt's Creek,8.5,Comedy,2015–2020,22,"After being a victim of fraud, Johnny Rose and his family go from extremely wealthy to penniless overnight. The only asset left to them is a small, unsophisticated town: Schitt's Creek. They relocate there. Culture shock ensues.","Dan Levy,Eugene Levy,Eugene Levy,Catherine O'Hara,Dan Levy",TV-14
Hannibal,8.5,"Crime,Drama,Horror",2013–2015,44,Explores the early relationship between renowned psychiatrist Hannibal Lecter and a young FBI criminal profiler who is haunted by his ability to empathize with serial killers.,"Bryan Fuller,Hugh Dancy,Mads Mikkelsen,Caroline Dhavernas",TV-MA
Umbre,8.8,"Crime,Drama,Thriller",2014–2019,45,"Umbre follows Relu, an enforcer for a small-time mob boss, as he struggles to keep his family in the dark about his job. The secrets Relu keeps become increasingly oppressive and the lies begin to surface.","Serban Pavlu,Maria Obretin,Andreea Vasile",TV-MA
Cobra Kai,8.5,"Action,Comedy,Drama",2018– ,30,"Decades after their 1984 All Valley Karate Tournament bout, a middle-aged Daniel LaRusso and Johnny Lawrence find themselves martial-arts rivals again.","Josh Heald,Jon Hurwitz,Hayden Schlossberg,Ralph Macchio,William Zabka,Courtney Henggeler",TV-14
Futurama,8.5,"Animation,Adventure,Comedy",1999–2023,22,"Philip J. Fry, a pizza delivery boy, is accidentally frozen in 1999 and thawed out on New Year's Eve 2999.","David X. Cohen,Matt Groening,Billy West,John DiMaggio,Katey Sagal",TV-14
Rurouni Kenshin: Trust and Betrayal,8.6,"Animation,Action,Adventure",1999,118,"In the era of Japan's Meiji Restoration, an assassin regains his humanity.","Mayo Suzukaze,Junko Iwao,Nozomu Sasaki",TV-MA
Jujutsu Kaisen,8.6,"Animation,Action,Adventure",2020– ,24,A boy swallows a cursed talisman - the finger of a demon - and becomes cursed himself. He enters a shaman's school to be able to locate the demon's other body parts and thus exorcise himself.,"Junya Enoki,Adam McArthur,Yûichi Nakamura",TV-MA
Spartacus: Gods of the Arena,8.5,"Action,Adventure,Biography",2011,331,"In the time before the arrival of Spartacus, the House of Batiatus faces many challenges from competitors, and within its own household.","Steven S. DeKnight,John Hannah,Manu Bennett,Peter Mensah",TV-MA
Silicon Valley,8.5,Comedy,2014–2019,28,"Follows the struggle of Richard Hendricks, a Silicon Valley engineer trying to build his own company called Pied Piper.","John Altschuler,Mike Judge,Dave Krinsky,Thomas Middleditch,T.J. Miller,Josh Brener",TV-MA
From the Earth to the Moon,8.6,"Action,Drama,History",1998,1,Dramatized portrayal of the Apollo manned space program.,"Tom Hanks,Nick Searcy,Lane Smith",TV-14
Twin Peaks,8.5,"Crime,Drama,Horror",2017,1,Picks up 25 years after the inhabitants of a quaint northwestern town are stunned when their homecoming queen is murdered.,"Mark Frost,David Lynch,Kyle MacLachlan,Sheryl Lee,Michael Horse",TV-MA
Trailer Park Boys,8.6,"Comedy,Crime",2001–2018,30,Three petty felons have a documentary made about their life in a trailer park.,"Mike Clattenburg,John Paul Tremblay,Robb Wells,Mike Smith",TV-MA
Detectorists,8.6,Comedy,2014–2022,30,"The lives of two eccentric metal detectorists, who spend their days plodding along ploughed tracks and open fields, hoping to disturb the tedium by unearthing the fortune of a lifetime.","Mackenzie Crook,Mackenzie Crook,Toby Jones,Gerard Horan",TV-14
Endeavour,8.6,"Crime,Drama,Mystery",2012–2022,89,"Set from 1965 to 1971, the show follows Endeavour Morse in his early years as a police constable. Working alongside his senior partner DI Fred Thursday, Morse engages in a number of investigations around Oxford.","Shaun Evans,Roger Allam,James Bradshaw",TV-14
Neon Genesis Evangelion,8.5,"Animation,Action,Drama",1995–1996,24,A teenage boy finds himself recruited as a member of an elite team of pilots by his father.,"Hideaki Anno,Megumi Ogata,Megumi Hayashibara,Kotono Mitsuishi",TV-MA
Fullmetal Alchemist,8.5,"Animation,Action,Adventure",2003–2004,24,"When a failed alchemical ritual leaves brothers Edward and Alphonse Elric with severely damaged bodies, they begin searching for the one thing that can save them: the fabled philosopher's stone.","Vic Mignogna,Aaron Dismuke,Romi Park",TV-PG
Doctor Who,8.6,"Adventure,Drama,Sci-Fi",2005– ,45,The further adventures in time and space of the alien adventurer known as the Doctor and their companions from planet Earth.,"Sydney Newman,Jodie Whittaker,Peter Capaldi,Pearl Mackie",TV-PG
Extraordinary Attorney Woo,8.7,Drama,2022,75,"About an autistic 27-year-old lawyer. Due to her high IQ of 164, impressive memory, and creative thought process, the brilliant Woo Young Woo graduated at the top of her class from a prestigious law school.","Park Eun-bin,Kang Tae-oh,Kang Ki-young",TV-14
Sons of Anarchy,8.6,"Crime,Drama,Thriller",2008–2014,45,A biker struggles to balance being a father and being involved in an outlaw motorcycle club.,"Kurt Sutter,Charlie Hunnam,Katey Sagal,Mark Boone Junior",TV-MA
North & South,8.6,"Drama,Romance",2004,235,"North and South is a four part adaptation of Elizabeth Gaskell's love story of Margaret Hale, a middle class southerner who is forced to move to the northern town of Milton.","Daniela Denby-Ashe,Richard Armitage,Tim Pigott-Smith",TV-PG
Mob Psycho 100,8.6,"Animation,Action,Comedy",2016– ,24,"A psychic middle school boy tries to live a normal life and keep his growing powers under control, even though he constantly gets into trouble.","Setsuo Ito,Takahiro Sakurai,Akio Ôtsuka",TV-14
Ezel,8.7,"Crime,Drama,Thriller",2009–2011,90,"Betrayed by his trusted friends and the woman he loved, Ömer Uçar returns as Ezel to exact his vengeance.","Kenan Imirzalioglu,Cansu Dere,Yigit Özsener",TV-14
Brass Eye,8.6,Comedy,1997–2001,25,,"Christopher Morris,Mark Heap,Kevin Eldon",TV-MA
Skam,8.6,"Drama,Romance",2015–2017,30,"The story of young teenagers and pupils on Hartvig Nissens upper secondary school in Oslo, and their troubles, scandals and everyday life. Each season is told from a different person's point of view.","Julie Andem,Josefine Frida Pettersen,Iman Meskini,Ulrikke Falch",Not Rated
Spartacus,8.5,"Action,Adventure,Biography",2010–2013,55,"The life of Spartacus, the gladiator who lead a rebellion against the Romans. From his time as an ally of the Romans, to his betrayal and becoming a gladiator, to the rebellion he leads and its ultimate outcome.","Steven S. DeKnight,Andy Whitfield,Lucy Lawless,Manu Bennett",TV-MA
Samurai Jack,8.5,"Animation,Action,Adventure",2001–2017,25,"A samurai, sent through time, fights to return home and save the world.","Genndy Tartakovsky,Phil LaMarr,Mako,Kevin Michael Richardson",TV-MA
Shameless,8.6,"Comedy,Drama",2011–2021,46,"A scrappy, feisty, fiercely loyal Chicago family makes no apologies.","Paul Abbott,John Wells,Emmy Rossum,William H. Macy,Ethan Cutkosky",TV-MA
Westworld,8.5,"Drama,Mystery,Sci-Fi",2016–2022,62,"At the intersection of the near future and the reimagined past, waits a world in which every human appetite can be indulged without consequence.","Lisa Joy,Jonathan Nolan,Evan Rachel Wood,Jeffrey Wright,Ed Harris",TV-MA
Whose Line Is It Anyway?,8.5,"Comedy,Game-Show",1998–2007,30,Improvisational comedy competition show in which four members of the regular cast as comedians and often with guest appearances with other comedians and celebrities and members of the audience perform various comic games and sketches.,"Mark Leveson,Dan Patterson,Drew Carey,Colin Mochrie,Ryan Stiles",TV-PG
Through the Wormhole,8.6,Documentary,2010–2017,1,"Hosted by Morgan Freeman, Through the Wormhole will explore the deepest mysteries of existence - the questions that have puzzled mankind for eternity. What are we made of? What was there before the beginning? Are we really alone? Is there a creator? These questions have been pondered by the most exquisite minds of the human race. Now, science has evolved to the point ...","Morgan Freeman,Sean Carroll,Michio Kaku",TV-PG
Letterkenny,8.7,Comedy,2016– ,30,"Quick-witted, fast-paced snappy comedy about rural folk getting by in a small town.","Jared Keeso,Jacob Tierney,Jared Keeso,Nathan Dales,Michelle Mylett",TV-MA
The Office,8.5,"Comedy,Drama",2001–2003,30,The story of an office that faces closure when the company decides to downsize its branches. A documentary film crew follow staff and the manager David Brent as they continue their daily lives.,"Ricky Gervais,Stephen Merchant,Ricky Gervais,Martin Freeman,Mackenzie Crook",TV-MA
Mr. Robot,8.6,"Crime,Drama,Thriller",2015–2019,49,"Elliot, a brilliant but highly unstable young cyber-security engineer and vigilante hacker, becomes a key figure in a complex game of global dominance when he and his shadowy allies try to take down the corrupt corporation he works for.","Sam Esmail,Rami Malek,Christian Slater,Carly Chaikin",TV-MA
I'm Alan Partridge,8.6,Comedy,1997–2002,29,,"Steve Coogan,Simon Greenall,Felicity Montagu",TV-MA
Louie,8.5,"Comedy,Drama",2010–2015,22,"The life of Louie C.K., a divorced comedian living in New York with two kids.","Louis C.K.,Louis C.K.,Hadley Delany,Ursula Parker",TV-MA
The IT Crowd,8.5,Comedy,2006–2013,25,"The comedic misadventures of Roy, Moss and their grifting supervisor Jen, a rag-tag team of IT support workers at a large corporation headed by a hotheaded yuppie.","Chris O'Dowd,Richard Ayoade,Katherine Parkinson",TV-14
Samurai Champloo,8.6,"Animation,Action,Adventure",2004–2005,24,"Fuu, a waitress who works in a teahouse, rescues two master swordsmen, Mugen and Jin, from their execution to help her find the ""samurai who smells of sunflowers.""","Kazuya Nakai,Ginpei Sato,Ayako Kawasumi",TV-MA
Black Sun,8.9,"Crime,Drama,Thriller",2017– ,1,,"Dragan Bjelogrlic,Andrija Kuzmanovic,Marija Bergam,Dragan Bjelogrlic",TV-MA
What We Do in the Shadows,8.6,"Comedy,Fantasy,Horror",2019– ,30,A look into the daily (or rather nightly) lives of four vampires who've lived together on Staten Island for over a century.,"Jemaine Clement,Kayvan Novak,Matt Berry,Natasia Demetriou",TV-MA
"Yes, Prime Minister",8.6,Comedy,1986–1987,30,,"Paul Eddington,Nigel Hawthorne,Derek Fowlds",TV-PG
The Bureau,8.7,"Drama,Thriller",2015– ,52,"After six years of undercover work in Syria, French intelligence officer Malotru returns home, where he struggles to forget his undercover identity, train a young recruit, and investigate when a colleague disappears in Algeria.","Eric Rochant,Mathieu Kassovitz,Florence Loiret Caille,Jonathan Zaccaï",TV-MA
The Family Man,8.7,"Action,Comedy,Drama",2019– ,45,"A working man from the National Investigation Agency tries to protect the nation from terrorism, but he also needs to keep his family safe from his secret job.","Krishna D.K.,Raj Nidimoru,Manoj Bajpayee,Samantha Ruth Prabhu,Priyamani",TV-14
Long Way Round,8.6,"Documentary,Adventure",2004–2010,315,"This documentary series follows actors Ewan McGregor and Charley Boorman on a motorcycle trip around the world. The two friends will travel through such places as Siberia, Kazakhstan, Mongolia, and Alaska, before finally ending the journey in New York. The filming will be done by on board cameras and one ride along cameraman.","David Alexanian,Charley Boorman,Russ Malkin,Ewan McGregor,Charley Boorman,David Alexanian",TV-PG
El Chavo del Ocho,8.7,"Comedy,Family",1972–1983,30,,"Roberto Gómez Bolaños,Ramón Valdés,Carlos Villagrán,Roberto Gómez Bolaños",TV-PG
Battlestar Galactica,8.5,"Action,Adventure,Drama",2003,183,"Following the destruction of the Twelve Colonies of Kobol by the Cylons, a rag-tag fugitive fleet of the last remnants of mankind flees the pursuing Cylons while simultaneously searching for their true home: Earth.","Edward James Olmos,Mary McDonnell,Katee Sackhoff",TV-14
Homicide: Life on the Street,8.7,"Crime,Drama,Mystery",1993–1999,1,Life on the Street is an American police procedural television series chronicling the work of a fictional version of the Baltimore Police Department's Homicide Unit.,"Paul Attanasio,Richard Belzer,Clark Johnson,Yaphet Kotto",TV-14
Spaced,8.6,"Action,Comedy",1999–2001,25,"Friends Tim and Daisy, 20-something North Londoners with uncertain futures, must pretend to be a couple to live in the only apartment they can afford.","Simon Pegg,Jessica Hynes,Julia Deakin",TV-14
The Venture Bros.,8.6,"Animation,Action,Adventure",2003–2018,22,"The bizarre escapades of pseudo-heroic scientist Dr. Rusty Venture, his competent, high-strung bodyguard, and his two overenthusiastic sons.","Christopher McCulloch,Christopher McCulloch,James Urbaniak,Doc Hammer",TV-MA
Coupling,8.6,"Comedy,Romance",2000–2004,30,,"Jack Davenport,Gina Bellman,Sarah Alexander",TV-14
Dragon Ball,8.6,"Animation,Action,Adventure",1995–2003,24,"Dragon Ball tells the tale of a young warrior by the name of Son Goku, a young peculiar boy with a tail who embarks on a quest to become stronger and learns of the Dragon Balls, when, once all 7 are gathered, grant any wish of choice.","Brice Armstrong,Steve Olson,Stephanie Nadolny",TV-14
Dragon Ball,8.6,"Animation,Action,Adventure",1986–1989,24,"Son Gokû, a fighter with a monkey tail, goes on a quest with an assortment of odd characters in search of the Dragon Balls, a set of crystals that can give its bearer anything they desire.","Masako Nozawa,Jôji Yanami,Brice Armstrong",TV-14
Chainsaw Man,8.8,"Animation,Action,Adventure",2022– ,25,,"Kikunosuke Toya,Ryan Colt Levy,Tomori Kusunoki",TV-MA
Justice League,8.6,"Animation,Action,Adventure",2001–2004,22,Seven of the most formidable heroes form arguably the most powerful team ever.,"Bob Kane,William Moulton Marston,Joe Shuster,Carl Lumbly,Phil LaMarr,Michael Rosenbaum",TV-PG
Flight of the Conchords,8.6,"Comedy,Music,Musical",2007–2009,28,"Bret and Jemaine are Flight of the Conchords, a folk-rock band from New Zealand living in New York City in search of stardom.","James Bobin,Jemaine Clement,Bret McKenzie,Jemaine Clement,Bret McKenzie,Rhys Darby",TV-MA
Impractical Jokers,8.6,"Comedy,Reality-TV",2011– ,30,"Q, Sal, Joe and Murr are real-life best friends who love challenging each other to the most outrageous dares and stunts ever caught on hidden camera.","James Murray,Brian Quinn,Sal Vulcano",TV-14
The Offer,8.7,"Biography,Drama",2022,586,Oscar-winning producer Albert S. Ruddy's never-before-revealed experiences of making The Godfather (1972).,"Leslie Greif,Michael Tolkin,Miles Teller,Matthew Goode,Dan Fogler",TV-MA
The Queen's Gambit,8.6,Drama,2020,1,"Orphaned at the tender age of nine, prodigious introvert Beth Harmon discovers and masters the game of chess in 1960s USA. But child stardom comes at a price.","Scott Frank,Allan Scott,Anya Taylor-Joy,Chloe Pirrie,Bill Camp",TV-MA
Formula 1: Drive to Survive,8.6,"Documentary,Sport",2019– ,40,Docuseries following the FIA Formula One World Championship across multiple seasons.,"Will Buxton,Jack Nicholls,Lewis Hamilton",TV-MA
Crash Landing on You,8.7,"Adventure,Comedy,Romance",2019–2020,70,The absolute top secret love story of a chaebol heiress who made an emergency landing in North Korea because of a paragliding accident and a North Korean special officer who falls in love with her and who is hiding and protecting her.,"Hyun Bin,Son Ye-jin,Seo Ji-hye",TV-14
Pose,8.6,Drama,2018–2021,1,"In the New York of the late '80s and early '90s, this is a story of ball culture and the gay and trans community, the raging AIDS crisis, and capitalism.","Steven Canals,Brad Falchuk,Ryan Murphy,Michaela Jaé (MJ) Rodriguez,Dominique Jackson,Indya Moore",TV-MA
The Bugs Bunny Show,8.6,"Animation,Comedy",1960–1975,30,,"Mel Blanc,Pinto Colvig,Joe Bronx",TV-G
The Haunting of Hill House,8.6,"Drama,Horror,Mystery",2018,572,"Flashing between past and present, a fractured family confronts haunting memories of their old home and the terrifying events that drove them from it.","Mike Flanagan,Michiel Huisman,Carla Gugino,Henry Thomas",TV-MA
The Newsroom,8.6,Drama,2012–2014,55,"A newsroom undergoes some changes in its workings and morals as a new team is brought in, bringing unexpected results for its existing news anchor.","Aaron Sorkin,Jeff Daniels,Emily Mortimer,John Gallagher Jr.",TV-MA
The Eric Andre Show,8.6,"Comedy,Talk-Show",2012– ,11,"Eric Andre tries to host a talk show in a bizarre environment, where he is sometimes the player of pranks and sometimes the victim.","Eric André,Eric André,Hannibal Buress,Tom Ato",TV-MA
Boardwalk Empire,8.6,"Crime,Drama",2010–2014,55,An Atlantic City politician plays both sides of the law by conspiring with gangsters during the Prohibition era.,"Terence Winter,Steve Buscemi,Kelly Macdonald,Michael Shannon",TV-MA
Justified,8.6,"Action,Crime,Drama",2010–2015,44,"U.S. Marshal Raylan Givens is reassigned from Miami to his childhood home in the poor, rural coal mining towns of eastern Kentucky.","Graham Yost,Timothy Olyphant,Nick Searcy,Joelle Carter",TV-MA
Making a Murderer,8.6,"Documentary,Crime",2015–2018,1,"Filmed over a 10-year period, Steven Avery, a DNA exoneree who, while in the midst of exposing corruption in local law enforcement, finds himself the prime suspect in a grisly new crime.","Steven Avery,Dolores Avery,Laura Nirider",TV-14
Yes Minister,8.7,Comedy,1980–1984,30,"The Right Honorable James Hacker has landed the plum job of Cabinet Minister to the Department of Administration. At last he is in a position of power and can carry out some long-needed reforms, or so he thinks.","Paul Eddington,Nigel Hawthorne,Derek Fowlds",TV-PG
Poirot,8.6,"Crime,Drama,Mystery",1989–2013,100,"The cases of eccentric, but sharp, Belgian detective Hercule Poirot.","David Suchet,Hugh Fraser,Philip Jackson",TV-14
Mr. Bean,8.6,"Comedy,Family",1990–1995,25,"Bumbling, childlike Mr. Bean has trouble completing the simplest of day-to-day tasks, but his perseverance and resourcefulness frequently allow him to find ingenious ways around problems.","Rowan Atkinson,Richard Curtis,Rowan Atkinson,Robin Driscoll,Matilda Ziegler",TV-G
Dopesick,8.6,Drama,2021,492,"The series takes viewers to the epicenter of America's struggle with opioid addiction, from the boardrooms of Purdue Pharma, to a distressed Virginia mining community, to the hallways of the DEA.","Danny Strong,Michael Keaton,Peter Sarsgaard,Michael Stuhlbarg",TV-MA
Anne with an E,8.7,"Drama,Family",2017–2019,1,"The adventures of a young orphan girl living in the early 19th century. Follow Anne as she learns to navigate her new life on Prince Edward Island, in this new take on L.M. Montgomery's classic novels.","Moira Walley-Beckett,Amybeth McNulty,Geraldine James,R.H. Thomson",TV-PG
The Rehearsal,8.7,"Documentary,Comedy",2022– ,30,Nathan Fielder gives people a chance to rehearse for their own lives in a world where nothing ever works out as expected.,"Nathan Fielder,Nathan Fielder,Journey Baker,Anna Lamadrid",TV-MA
QI,8.6,"Comedy,Game-Show",2003– ,30,"A comedy panel game in which being Quite Interesting is more important than being right. Sandi Toksvig is joined each week by four comedians to share anecdotes and trivia, and maybe answer some questions as well.","Alan Davies,Stephen Fry,Sandi Toksvig",TV-PG
Haikyu!!,8.7,"Animation,Comedy,Drama",2014–2020,24,"Determined to be like the volleyball championship's star player nicknamed ""the small giant"", Shoyo joins his school's volleyball club.","Haruichi Furudate,Ayumu Murase,Kaito Ishikawa,Yu Hayashi",TV-14
Critical Role,9.3,"Adventure,Fantasy",2015– ,3,"A live weekly show in which a band of professional voice actors improvise, role-play, and roll their way through an epic Dungeons and Dragons campaign.","Matthew Mercer,Liam O'Brien,Marisha Ray",TV-14
Mindhunter,8.6,"Crime,Drama,Mystery",2017–2019,1,"Set in the late 1970s, two FBI agents are tasked with interviewing serial killers to solve open cases.","Joe Penhall,Jonathan Groff,Holt McCallany,Anna Torv",TV-MA
Yeh Meri Family,9.0,"Comedy,Drama,Family",2018,30,Set in the summer of 1998 it is a story about conflicting emotions towards family members from the eyes of a twelve year old.,"Sameer Saxena,Vishesh Bansal,Mona Singh,Akarsh Khurana",TV-14
Blackadder the Third,8.6,Comedy,1987,3,,"Rowan Atkinson,Tony Robinson,Hugh Laurie",TV-PG
Gomorrah,8.7,"Crime,Drama,Thriller",2014–2021,55,Ciro disregards tradition in his attempt to become the next boss of his crime syndicate. The internal power struggle puts him and his entire family's life at risk.,"Leonardo Fasoli,Stefano Bises,Roberto Saviano,Salvatore Esposito,Marco D'Amore,Ivana Lotito",TV-MA
The Return of Sherlock Holmes,8.7,"Crime,Drama,Mystery",1986–1988,1,,"John Hawkesworth,Jeremy Brett,Edward Hardwicke,Rosalie Williams",TV-PG
Lonesome Dove,8.7,"Adventure,Drama,Western",1989,384,Two former Texas Rangers renew their spirit of adventure as they and several other residents of a small Texas town join a cattle drive to the Montana Territory.,"Robert Duvall,Tommy Lee Jones,Danny Glover",TV-14
Bleach: Thousand-Year Blood War,9.4,"Animation,Action,Adventure",2022– ,24,"The peace is suddenly broken when warning sirens blare through the Soul Society. Residents are disappearing without a trace and nobody knows who's behind it. Meanwhile, a darkness is approaching Ichigo and his friends in Karakura Town.","Tite Kubo,Masakazu Morita,Takayuki Sugô,Binbin Takaoka",TV-MA
Young Justice,8.7,"Animation,Action,Adventure",2010–2022,23,Teenage superheroes strive to prove themselves as members of the Justice League.,"Greg Weisman,Brandon Vietti,Geoff Johns,Nolan North,Danica McKellar,Jesse McCartney",TV-PG
Adventure Time,8.6,"Animation,Action,Adventure",2010–2018,11,"A 12-year-old boy and his best friend, wise 28-year-old dog with magical powers, go on a series of surreal adventures with each other in a remote future.","Pendleton Ward,John DiMaggio,Jeremy Shada,Tom Kenny",TV-PG
Yellowstone,8.7,"Drama,Western",2018– ,1,A ranching family in Montana faces off against others encroaching on their land.,"John Linson,Taylor Sheridan,Kevin Costner,Luke Grimes,Kelly Reilly",TV-MA
Monster,8.7,"Animation,Crime,Drama",2004–2005,24,A brilliant neurosurgeon finds his life in utter turmoil after getting involved with a psychopathic former patient.,"Hidenobu Kiuchi,Liam O'Brien,Mamiko Noto",TV-14
Ramayan,9.0,"Adventure,Drama,Family",1987–1988,30,,"Ramanand Sagar,Arun Govil,Deepika Chikhalia,Sunil Lahri",TV-14
Mystery Science Theater 3000,8.7,"Comedy,Sci-Fi",1988–1999,92,"In the not-too-distant future Joel Robinson is held captive by Dr. Forrester and TV's Frank, forced to watch B-Grade movies on the Satellite of Love with the help of his robot friends: Cambot, Gypsy, Tom Servo and Crow T. Robot.","Joel Hodgson,Joel Hodgson,Michael J. Nelson,Trace Beaulieu",TV-14
Archer,8.6,"Animation,Action,Comedy",2009– ,22,Covert black ops and espionage take a back seat to zany personalities and relationships between secret agents and drones.,"Adam Reed,H. Jon Benjamin,Judy Greer,Amber Nash",TV-MA
Heartstopper,8.7,"Drama,Romance",2022– ,30,Teens Charlie and Nick discover their unlikely friendship might be something more as they navigate school and young love in this coming-of-age series.,"Alice Oseman,Joe Locke,Kit Connor,Yasmin Finney",TV-14
It's a Sin,8.7,"Comedy,Drama,History",2021,239,"A chronicle of four friends during a decade in which everything changed, including the rise of AIDS.","Russell T. Davies,Olly Alexander,Nathaniel Curtis,Shaun Dooley",TV-MA
Demon Slayer: Kimetsu no Yaiba,8.7,"Animation,Action,Adventure",2019– ,24,"A family is attacked by demons and only two members survive - Tanjiro and his sister Nezuko, who is turning into a demon slowly. Tanjiro sets out to become a demon slayer to avenge his family and cure his sister.","Natsuki Hanae,Zach Aguilar,Abby Trott",TV-MA
Daredevil,8.6,"Action,Crime,Drama",2015–2018,54,"A blind lawyer by day, vigilante by night. Matt Murdock fights the crime of New York as Daredevil.","Drew Goddard,Charlie Cox,Vincent D'Onofrio,Deborah Ann Woll",TV-MA
The Bridge,8.6,"Crime,Mystery,Thriller",2011–2018,1,"When a body is found on the bridge between Denmark and Sweden, right on the border, Danish inspector Martin Rohde and Swedish Saga Norén have to share jurisdiction and work together to find the killer.","Måns Mårlind,Hans Rosenfeldt,Björn Stein,Sofia Helin,Rafael Pettersson,Sarah Boberg",TV-MA
Blackadder II,8.6,Comedy,1986,176,,"Rowan Atkinson,Tony Robinson,Tim McInnerny",TV-PG
Code Geass,8.7,"Animation,Action,Drama",2006–2008,24,"After being given a mysterious power to control others, an outcast prince becomes the masked leader of the rebellion against an all-powerful empire.","Jun Fukuyama,Takahiro Sakurai,Johnny Yong Bosch",TV-14
Behzat Ç.: Bir Ankara Polisiyesi,8.8,"Crime,Drama,Mystery",2010–2019,90,,"Erdal Besikçioglu,Inanç Konukçu,Ege Aydan",TV-14
Primal,8.7,"Animation,Action,Adventure",2019– ,22,A caveman and a dinosaur bond over shared tragedy and work together to survive in a perilous prehistoric world.,"Genndy Tartakovsky,Aaron LaPlante,Laëtitia Eïdo,Fred Tatasciore",TV-MA
Atlanta,8.6,"Comedy,Drama,Music",2016–2022,30,"Earn and his cousin Alfred, based in Atlanta, try to make their way in the world through the rap scene. Along the way they come face-to-face with social and economic issues touching on race, relationships, poverty, status, and parenthood.","Donald Glover,Donald Glover,Brian Tyree Henry,LaKeith Stanfield",TV-MA
Naruto: Shippuden,8.7,"Animation,Action,Adventure",2007–2017,24,"Naruto Uzumaki, is a loud, hyperactive, adolescent ninja who constantly searches for approval and recognition, as well as to become Hokage, who is acknowledged as the leader and strongest of all ninja in the village.","Masashi Kishimoto,Alexandre Crepet,Junko Takeuchi,Maile Flanagan",TV-PG
The Jinx: The Life and Deaths of Robert Durst,8.6,"Documentary,Biography,Crime",2015,279,"Filmmaker Andrew Jarecki examines the complicated life of reclusive real estate icon Robert Durst, the key suspect in a series of unsolved crimes.","Andrew Jarecki,Robert Durst,Gary Napoli",TV-14
This Is Us,8.7,"Comedy,Drama,Romance",2016–2022,45,"A heartwarming and emotional story about a unique set of triplets, their struggles and their wonderful parents.","Dan Fogelman,Milo Ventimiglia,Mandy Moore,Sterling K. Brown",TV-14
Dexter,8.7,"Crime,Drama,Mystery",2006–2013,53,"He's smart. He's lovable. He's Dexter Morgan, America's favorite serial killer, who spends his days solving crimes and nights committing them. Golden Globe winner Michael C. Hall stars in the hit SHOWTIME Original Series.","James Manos Jr.,Michael C. Hall,Jennifer Carpenter,David Zayas",TV-MA
The X-Files,8.6,"Crime,Drama,Mystery",1993–2018,45,"Two F.B.I. Agents, Fox Mulder the believer and Dana Scully the skeptic, investigate the strange and unexplained, while hidden forces work to impede their efforts.","Chris Carter,David Duchovny,Gillian Anderson,Mitch Pileggi",TV-14
Parks and Recreation,8.6,Comedy,2009–2015,22,The absurd antics of an Indiana town's public officials as they pursue sundry projects to make their city a better place.,"Greg Daniels,Michael Schur,Amy Poehler,Jim O'Heir,Nick Offerman",TV-14
Deadwood,8.6,"Crime,Drama,History",2004–2006,55,"A show set in the late 1800s, revolving around the characters of Deadwood, South Dakota; a town of deep corruption and crime.","David Milch,Timothy Olyphant,Ian McShane,Molly Parker",TV-MA
Father Ted,8.7,Comedy,1995–1998,25,"Three misfit priests and their housekeeper live on Craggy Island, not the peaceful and quiet part of Ireland that it seems to be.","Dermot Morgan,Ardal O'Hanlon,Frank Kelly",TV-14
1883,8.8,"Drama,Western",2021–2022,1,Follows the Dutton family as they embark on a journey west.,"Taylor Sheridan,Sam Elliott,Tim McGraw,Faith Hill",TV-MA
Line of Duty,8.7,"Crime,Drama,Mystery",2012–2021,1,"Drama series following the investigations of AC-12, a controversial police anti-corruption unit.","Jed Mercurio,Martin Compston,Vicky McClure,Adrian Dunbar",TV-14
Mahabharat,9.0,"Adventure,Drama,History",1988–1990,45,,"Harish Bhimani,Nitish Bharadwaj,Mukesh Khanna",TV-14
Justice League Unlimited,8.7,"Animation,Action,Adventure",2004–2006,23,A continuation of the Justice League animated series finds the original members of the team joined in their battle against crime and evil by dozens of other heroes from the DC comics universe.,"Jack Kirby,George Newbern,Kevin Conroy,Phil LaMarr",TV-Y7-FV
The Thick of It,8.7,Comedy,2005–2012,29,The Minister for Social Affairs is continually harassed by Number 10's policy enforcer and dependent on his not-so-reliable team of civil servants.,"Armando Iannucci,Chris Addison,James Smith,Peter Capaldi",TV-MA
The Crown,8.7,"Biography,Drama,History",2016– ,58,Follows the political rivalries and romance of Queen Elizabeth II's reign and the events that shaped the second half of the twentieth century.,"Peter Morgan,Claire Foy,Olivia Colman,Imelda Staunton",TV-MA
The Grand Tour,8.7,"Comedy,Sport,Talk-Show",2016– ,1,"Follow Jeremy, Richard and James, as they embark on an adventure across the globe, driving new and exciting automobiles from manufacturers all over the world.","Jeremy Clarkson,James May,Richard Hammond",TV-14
Berserk,8.7,"Animation,Action,Adventure",1997–1998,23,"Guts is a skilled swordsman who joins forces with a mercenary group named 'The Band of the Hawk', lead by the charismatic Griffith, and fights with them as they battle their way into the royal court.","Kentaro Miura,Marc Diraison,Nobutoshi Canna,Carrie Keranen",TV-14
Top Gear,8.7,"Adventure,Comedy,Reality-TV",2002– ,1,"The hosts talk about everything car-related. From new cars to how they're fueled, this show has it all.","Jeremy Clarkson,Richard Hammond,James May",TV-PG
Friday Night Lights,8.7,"Drama,Sport",2006–2011,44,"A drama that follows the lives of the Dillon Panthers, one of the nation's best high school football teams, and their head coach Eric Taylor.","Peter Berg,Kyle Chandler,Connie Britton,Zach Gilford",TV-14
House of Cards,8.7,Drama,2013–2018,51,A Congressman works with his equally conniving wife to exact revenge on the people who betrayed him.,"Beau Willimon,Kevin Spacey,Michel Gill,Robin Wright",TV-MA
The Adventures of Sherlock Holmes,8.7,"Crime,Drama,Mystery",1984–1985,1,"Sherlock Holmes and Dr Watson solve the mysteries of copper beeches, a Greek interpreter, the Norwood builder, a resident patient, the red-headed league, and one final problem.","John Hawkesworth,Jeremy Brett,David Burke,Rosalie Williams",TV-PG
Star Trek: The Next Generation,8.7,"Action,Adventure,Sci-Fi",1987–1994,44,"Set almost 100 years after Captain Kirk's 5-year mission, a new generation of Starfleet officers set off in the U.S.S. Enterprise-D on its own mission to go where no one has gone before.","Gene Roddenberry,Patrick Stewart,Brent Spiner,Jonathan Frakes",TV-PG
The Marvelous Mrs. Maisel,8.7,"Comedy,Drama",2017– ,57,"After her husband leaves her, young mother of two Miriam ""Midge"" Maisel discovers that she has a talent for stand-up comedy. Could this be her calling?","Amy Sherman-Palladino,Rachel Brosnahan,Alex Borstein,Michael Zegen",TV-MA
Peep Show,8.7,Comedy,2003–2015,25,Mark and Jez are a couple of twenty-something roommates who have nothing in common - except for the fact that their lives are anything but normal. Mayhem ensues as the pair strive to cope with day-to-day life.,"Jesse Armstrong,Sam Bain,Andrew O'Connor,David Mitchell,Robert Webb,Matt King",TV-MA
Severance,8.7,"Drama,Mystery,Sci-Fi",2022– ,55,"Mark leads a team of office workers whose memories have been surgically divided between their work and personal lives. When a mysterious colleague appears outside of work, it begins a journey to discover the truth about their jobs.","Dan Erickson,Adam Scott,Zach Cherry,Britt Lower",TV-MA
Vinland Saga,8.8,"Animation,Action,Adventure",2019– ,24,Thorfinn pursues a journey with his father's killer in order to take revenge and end his life in a duel as an honorable warrior and pay his father a homage.,"Ray Chase,Zach Aguilar,Keith Silverstein",TV-MA
Mad Men,8.7,Drama,2007–2015,47,"A drama about one of New York's most prestigious ad agencies at the beginning of the 1960s, focusing on one of the firm's most mysterious but extremely talented ad executives, Donald Draper.","Matthew Weiner,Jon Hamm,Elisabeth Moss,Vincent Kartheiser",TV-MA
Panchayat,8.9,"Comedy,Drama",2020– ,35,"A comedy-drama, which captures the journey of an engineering graduate Abhishek, who for lack of a better job option joins as secretary of a Panchayat office in a remote village of Uttar Pradesh.","Jitendra Kumar,Raghuvir Yadav,Chandan Roy",TV-14
Sarabhai V/S Sarabhai,9.0,Comedy,2004–2017,30,"The show revolves around the lives of the members of an Uber Wealthy - High Society Gujarati family of Cuffe Parade - South Bombay, whose daughter-in-law is from a middle class Delhi background.","Satish Shah,Ratna Pathak Shah,Sumeet Raghavan",TV-PG
Invincible,8.7,"Animation,Action,Adventure",2021– ,50,An adult animated series based on the Skybound/Image comic about a teenager whose father is the most powerful superhero on the planet.,"Robert Kirkman,Ryan Ottley,Cory Walker,Steven Yeun,J.K. Simmons,Sandra Oh",TV-MA
Downton Abbey,8.7,"Drama,Romance",2010–2015,58,A chronicle of the lives of the British aristocratic Crawley family and their servants in the early twentieth century.,"Julian Fellowes,Hugh Bonneville,Phyllis Logan,Elizabeth McGovern",TV-PG
Stranger Things,8.7,"Drama,Fantasy,Horror",2016– ,51,"When a young boy disappears, his mother, a police chief and his friends must confront terrifying supernatural forces in order to get him back.","Millie Bobby Brown,Finn Wolfhard,Winona Ryder",TV-14
Battlestar Galactica,8.7,"Action,Adventure,Drama",2004–2009,44,"When an old enemy, the Cylons, resurface and obliterate the 12 colonies, the crew of the aged Galactica protect a small civilian fleet - the last of humanity - as they journey toward the fabled 13th colony, Earth.","Glen A. Larson,Ronald D. Moore,Edward James Olmos,Mary McDonnell,Jamie Bamber",TV-14
House,8.7,"Drama,Mystery",2004–2012,44,An antisocial maverick doctor who specializes in diagnostic medicine does whatever it takes to solve puzzling cases that come his way using his crack team of doctors and his wits.,"David Shore,Hugh Laurie,Omar Epps,Robert Sean Leonard",TV-14
The Shield,8.7,"Crime,Drama,Thriller",2002–2008,47,Drama series following the lives and cases of dirty cop Vic Mackey and the LAPD unit under his command.,"Shawn Ryan,Michael Chiklis,Jay Karnes,Michael Jace",TV-MA
Fleabag,8.7,"Comedy,Drama",2016–2019,27,A comedy series adapted from the award-winning play about a young woman trying to cope with life in London whilst coming to terms with a recent tragedy.,"Phoebe Waller-Bridge,Phoebe Waller-Bridge,Sian Clifford,Olivia Colman",TV-MA
The Simpsons,8.7,"Animation,Comedy",1989– ,22,The satiric adventures of a working-class family in the misfit city of Springfield.,"James L. Brooks,Matt Groening,Sam Simon,Dan Castellaneta,Nancy Cartwright,Harry Shearer",TV-14
One Punch Man,8.7,"Animation,Action,Comedy",2015–2019,24,"The story of Saitama, a hero that does it just for fun & can defeat his enemies with a single punch.","Makoto Furukawa,Kaito Ishikawa,Max Mittelman",TV-PG
The Boys,8.7,"Action,Comedy,Crime",2019– ,1,A group of vigilantes set out to take down corrupt superheroes who abuse their superpowers.,"Eric Kripke,Karl Urban,Jack Quaid,Antony Starr",TV-MA
Arrested Development,8.7,Comedy,2003–2019,22,"Level-headed son Michael Bluth takes over family affairs after his father is imprisoned. But the rest of his spoiled, dysfunctional family are making his job unbearable.","Mitchell Hurwitz,Jason Bateman,Michael Cera,Portia de Rossi",TV-14
Steins;Gate,8.8,"Animation,Comedy,Drama",2011–2015,24,"After discovering time travel, a university student and his colleagues must use their knowledge of it to stop an evil organization and their diabolical plans.","Mamoru Miyano,Asami Imai,Kana Hanazawa",TV-14
The Mandalorian,8.7,"Action,Adventure,Fantasy",2019– ,40,"The travels of a lone bounty hunter in the outer reaches of the galaxy, far from the authority of the New Republic.","Jon Favreau,Pedro Pascal,Carl Weathers,Giancarlo Esposito",TV-14
Dark,8.7,"Crime,Drama,Mystery",2017–2020,1,"A family saga with a supernatural twist, set in a German town where the disappearance of two young children exposes the relationships among four families.","Baran bo Odar,Jantje Friese,Louis Hofmann,Karoline Eichhorn,Lisa Vicari",TV-MA
Kota Factory,9.1,"Comedy,Drama",2019–2021,45,"Dedicated to Shrimati SL Loney ji, Shri Irodov ji and Maanniya HC Verma ji, 'Kota Factory' is TVF's latest original. India's first 'Black and White' show highlights the problems present day IIT-JEE aspirants face in their day-to-day lives.","Saurabh Khanna,Mayur More,Jitendra Kumar,Ranjan Raj",TV-14
Over the Garden Wall,8.8,"Animation,Short,Adventure",2014,22,Two brothers find themselves lost in a mysterious land and try to find their way home.,"Katie Krentz,Patrick McHale,Elijah Wood,Collin Dean,Melanie Lynskey",TV-PG
Oz,8.7,"Crime,Drama,Thriller",1997–2003,55,A series chronicling the daily activities of an unusual prison facility and its criminal inhabitants.,"Tom Fontana,Ernie Hudson,J.K. Simmons,Lee Tergesen",TV-MA
Ted Lasso,8.8,"Comedy,Drama,Sport",2020– ,30,"American college football coach Ted Lasso heads to London to manage AFC Richmond, a struggling English Premier League football team.","Brendan Hunt,Joe Kelly,Bill Lawrence,Jason Sudeikis,Brett Goldstein,Brendan Hunt",TV-MA
Peaky Blinders,8.8,"Crime,Drama",2013–2022,1,"A gangster family epic set in 1900s England, centering on a gang who sew razor blades in the peaks of their caps, and their fierce boss Tommy Shelby.","Steven Knight,Cillian Murphy,Paul Anderson,Sophie Rundle",TV-MA
Six Feet Under,8.7,"Comedy,Drama",2001–2005,1,A chronicle of the lives of a dysfunctional family who run an independent funeral home in Los Angeles.,"Alan Ball,Peter Krause,Michael C. Hall,Frances Conroy",TV-MA
Rome,8.7,"Action,Drama,Romance",2005–2007,52,A down-to-earth account of the lives of both illustrious and ordinary Romans set in the last days of the Roman Republic.,"Bruno Heller,William J. MacDonald,John Milius,Kevin McKidd,Ray Stevenson,Polly Walker",TV-MA
South Park,8.7,"Animation,Comedy",1997– ,22,"Follows the misadventures of four irreverent grade-schoolers in the quiet, dysfunctional town of South Park, Colorado.","Trey Parker,Matt Stone,Brian Graden,Trey Parker,Matt Stone,Isaac Hayes",TV-14
One Piece,8.9,"Animation,Action,Adventure",1999– ,24,"Follows the adventures of Monkey D. Luffy and his pirate crew in order to find the greatest treasure ever left by the legendary Pirate, Gold Roger. The famous mystery treasure named ""One Piece"".","Eiichirô Oda,Mayumi Tanaka,Laurent Vernin,Tony Beck",TV-14
"I, Claudius",8.9,"Biography,Drama,History",1976,669,"The personal and governmental affairs of the Julio-Claudian dynasty at the beginning of the Roman Empire, as recalled by one of its rulers.","Derek Jacobi,John Hurt,Siân Phillips",Not Rated
Dragon Ball Z,8.8,"Animation,Action,Adventure",1989–1996,24,"The adventures of Earth's martial arts defender, Son Goku, continue with a new family and the revelation of his alien origins. Now Goku and his allies must defend the planet from an onslaught of new extraterrestrial enemies.","Jôji Yanami,Kyle Hebert,Masako Nozawa",TV-PG
Dragon Ball Z,8.8,"Animation,Action,Adventure",1989–1996,24,"With the help of the powerful Dragonballs, a team of fighters led by the saiyan warrior Goku defend the planet earth from extraterrestrial enemies.","Doc Harris,Christopher Sabat,Scott McNeil",TV-PG
Chappelle's Show,8.8,"Comedy,Music",2003–2006,22,Comedian Dave Chappelle hosts this sketch-comedy show that parodies many of the nuances of race and culture.,"Neal Brennan,Dave Chappelle,Dave Chappelle,Donnell Rawlings,Rudy Rush",TV-MA
Succession,8.8,Drama,2018– ,1,"The Roy family is known for controlling the biggest media and entertainment company in the world. However, their world changes when their father steps down from the company.","Jesse Armstrong,Nicholas Braun,Peter Friedman,Matthew Macfadyen",TV-MA
BoJack Horseman,8.8,"Animation,Comedy,Drama",2014–2020,25,"BoJack Horseman was the star of the hit television show ""Horsin' Around"" in the '80s and '90s, but now he's washed up, living in Hollywood, complaining about everything, and wearing colorful sweaters.","Raphael Bob-Waksberg,Will Arnett,Amy Sedaris,Alison Brie",TV-MA
Narcos,8.8,"Biography,Crime,Drama",2015–2017,49,"A chronicled look at the criminal exploits of Colombian drug lord Pablo Escobar, as well as the many other drug kingpins who plagued the country through the years.","Carlo Bernard,Chris Brancato,Doug Miro,Pedro Pascal,Wagner Moura,Boyd Holbrook",TV-MA
Black Mirror,8.8,"Drama,Mystery,Sci-Fi",2011–2019,1,"An anthology series exploring a twisted, high-tech multiverse where humanity's greatest innovations and darkest instincts collide.","Charlie Brooker,Daniel Lapaine,Hannah John-Kamen,Michaela Coel",TV-MA
Twin Peaks,8.8,"Crime,Drama,Mystery",1990–1991,47,An idiosyncratic FBI agent investigates the murder of a young woman in the even more idiosyncratic town of Twin Peaks.,"Mark Frost,David Lynch,Kyle MacLachlan,Michael Ontkean,Mädchen Amick",TV-MA
Blackadder Goes Forth,8.8,"Comedy,War",1989,175,,"Rowan Atkinson,Tony Robinson,Stephen Fry",TV-PG
Freaks and Geeks,8.8,"Comedy,Drama",1999–2000,44,A high school mathlete starts hanging out with a group of burnouts while her younger brother navigates his freshman year.,"Paul Feig,Linda Cardellini,John Francis Daley,James Franco",TV-14
Leyla and Mecnun,9.1,"Adventure,Comedy,Drama",2011–2023,80,,"Ali Atay,Serkan Keskin,Osman Sonant",TV-PG
Fawlty Towers,8.8,Comedy,1975–1979,30,"Hotel owner Basil Fawlty's incompetence, short fuse, and arrogance form a combination that ensures accidents and trouble are never far away.","John Cleese,Prunella Scales,Andrew Sachs",TV-PG
Pride and Prejudice,8.8,"Drama,Romance",1995,327,"While the arrival of wealthy gentlemen sends her marriage-minded mother into a frenzy, willful and opinionated Elizabeth Bennet matches wits with haughty Mr. Darcy.","Colin Firth,Jennifer Ehle,Susannah Harker",TV-PG
The West Wing,8.9,Drama,1999–2006,44,Inside the lives of staffers in the West Wing of the White House.,"Aaron Sorkin,Martin Sheen,Rob Lowe,Allison Janney",TV-14
Curb Your Enthusiasm,8.8,Comedy,2000– ,28,The life and times of Larry David and the predicaments he gets himself into with his friends and complete strangers.,"Larry David,Larry David,Cheryl Hines,Jeff Garlin",TV-MA
Das Boot,8.9,"Drama,War",1985,293,,"Jürgen Prochnow,Herbert Grönemeyer,Klaus Wennemann",TV-MA
Taskmaster,9.0,"Comedy,Game-Show",2015– ,47,"Five comedians are set tasks challenging their creativity and wit. The tasks are supervised by Alex Horne but the Taskmaster, Greg Davies, always has the final word.","Greg Davies,Alex Horne,Kerry Godliman",TV-14
It's Always Sunny in Philadelphia,8.8,Comedy,2005– ,22,Five friends with big egos and small brains are the proprietors of an Irish pub in Philadelphia.,"Rob McElhenney,Glenn Howerton,Charlie Day,Rob McElhenney,Kaitlin Olson",TV-MA
Monty Python's Flying Circus,8.8,Comedy,1969–1974,30,The original surreal sketch comedy showcase for the Monty Python troupe.,"Graham Chapman,Eric Idle,Terry Jones,Graham Chapman,John Cleese,Terry Gilliam",TV-14
Apocalypse: The Second World War,9.0,"Documentary,History,War",2009,312,"This six-part series traces the Second World War, from the rise of the Nazis to the surrender of the Japanese, with detailed portraits of key figures.","Mathieu Kassovitz,Martin Sheen,Rudolf Hess",TV-MA
Africa,9.0,Documentary,2013,6,,"David Attenborough,Simon Blakeney,Bill Rudolph",TV-PG
TVF Pitchers,9.1,"Comedy,Drama",2015–2022,40,A story of trials and tribulations of four young entrepreneurs who quit their day jobs in order to pursue their start up venture.,"Arunabh Kumar,Naveen Kasturia,Arunabh Kumar,Jitendra Kumar",TV-MA
Friends,8.9,"Comedy,Romance",1994–2004,22,Follows the personal and professional lives of six twenty to thirty year-old friends living in the Manhattan borough of New York City.,"David Crane,Marta Kauffman,Jennifer Aniston,Courteney Cox,Lisa Kudrow",TV-14
Last Week Tonight with John Oliver,8.9,"Comedy,History,News",2014– ,30,Former Daily Show host and correspondent John Oliver brings his persona to this weekly news satire program.,"John Oliver,David Kaye,Ryan Barger",TV-MA
When They See Us,8.9,"Biography,Crime,Drama",2019,296,Five teens from Harlem become trapped in a nightmare when they're falsely accused of a brutal attack in Central Park. Based on the true story.,"Ava DuVernay,Asante Blackk,Caleel Harris,Ethan Herisse",TV-MA
Gravity Falls,8.9,"Animation,Action,Adventure",2012–2016,23,"Twin siblings Dipper and Mabel Pines spend the summer at their great-uncle's tourist trap in the enigmatic Gravity Falls, Oregon.","Alex Hirsch,Jason Ritter,Alex Hirsch,Kristen Schaal",TV-Y7
Nathan for You,8.9,"Documentary,Comedy",2013–2017,30,"Nathan Fielder uses his business degree and life experiences to help real small businesses turn a profit. But because of his unorthodox approach, Nathan's genuine efforts to do good often draw real people into an experience far beyond what they signed up for.","Nathan Fielder,Michael Koman,Nathan Fielder,Anthony Filosa,Salomon Flores",TV-14
Clarkson's Farm,9.0,"Documentary,Comedy,Reality-TV",2021– ,45,Follow Jeremy Clarkson as he attempts to run a farm in the countryside.,"Jeremy Clarkson,Kaleb Cooper,Charlie Ireland",TV-PG
Cowboy Bebop,8.9,"Animation,Action,Adventure",1998–1999,24,The futuristic misadventures and tragedies of an easygoing bounty hunter and his partners.,"Hajime Yatate,Kôichi Yamadera,Unshô Ishizuka,Megumi Hayashibara",TV-14
Fargo,8.9,"Crime,Drama,Thriller",2014– ,53,"Various chronicles of deception, intrigue and murder in and around frozen Minnesota. Yet all of these tales mysteriously lead back one way or another to Fargo, North Dakota.","Noah Hawley,Billy Bob Thornton,Martin Freeman,Allison Tolman",TV-MA
Persona,9.0,"Crime,Drama,Mystery",2018,65,A man diagnosed with Alzheimer's decides to punish criminals.,"Haluk Bilginer,Cansu Dere,Metin Akdülger",TV-MA
Dekalog,9.0,Drama,1989–1990,572,"Ten television drama films, each one based on one of the Ten Commandments.","Artur Barcis,Olgierd Lukaszewicz,Olaf Lubaszenko",TV-MA
The Beatles: Get Back,9.0,"Documentary,Biography,Music",2021,468,Documentary about the music group The Beatles featuring in-studio footage that was shot in early 1969 for the 1970 feature film 'Let It Be.',"The Beatles,John Lennon,Paul McCartney",PG-13
Seinfeld,8.9,Comedy,1989–1998,22,The continuing misadventures of neurotic New York City stand-up comedian Jerry Seinfeld and his equally neurotic New York City friends.,"Larry David,Jerry Seinfeld,Jerry Seinfeld,Julia Louis-Dreyfus,Michael Richards",TV-PG
Better Call Saul,8.9,"Crime,Drama",2015–2022,46,The trials and tribulations of criminal lawyer Jimmy McGill in the years leading up to his fateful run-in with Walter White and Jesse Pinkman.,"Vince Gilligan,Peter Gould,Bob Odenkirk,Rhea Seehorn,Jonathan Banks",TV-MA
True Detective,8.9,"Crime,Drama,Mystery",2014–2019,55,"Seasonal anthology series in which police investigations unearth the personal and professional secrets of those involved, both within and outside the law.","Nic Pizzolatto,Vince Vaughn,Colin Farrell,Rachel McAdams",TV-MA
The Civil War,9.1,"Documentary,History,War",1990,680,A comprehensive survey of the American Civil War.,"David McCullough,Sam Waterston,Julie Harris",TV-14
Only Fools and Horses,9.0,Comedy,1981–2003,95,Comedy that follows two brothers from London's rough Peckham estate as they wheel and deal through a number of dodgy deals and search for the big score that'll make them millionaires.,"John Sullivan,David Jason,Nicholas Lyndhurst,Roger Lloyd Pack",TV-PG
Hunter x Hunter,9.0,"Animation,Action,Adventure",2011–2014,24,"Gon Freecss aspires to become a Hunter, an exceptional being capable of greatness. With his friends and his potential, he seeks out his father, who left him when he was younger.","Yoshihiro Togashi,Issei Futamata,Megumi Han,Cristina Valenzuela",TV-14
Death Note,9.0,"Animation,Crime,Drama",2006–2007,24,An intelligent high school student goes on a secret crusade to eliminate criminals from the world after discovering a notebook capable of killing anyone whose name is written into it.,"Mamoru Miyano,Brad Swaile,Vincent Tong",TV-14
Frozen Planet,9.0,Documentary,2011–2012,333,Focuses on life and the environment in both the Arctic and Antarctic.,"David Attenborough,Alec Baldwin,Chadden Hunter",TV-PG
Human Planet,9.0,Documentary,2011,50,A cinematic experience bringing you the most amazing human stories in the world. Humans and wildlife surviving in the most extreme environments on Earth,"John Hurt,Roger Munns",TV-PG
Firefly,9.0,"Adventure,Drama,Sci-Fi",2002–2003,44,"Five hundred years in the future, a renegade crew aboard a small spacecraft tries to survive as they travel the unknown parts of the galaxy and evade warring factions as well as authority agents out to get them.","Joss Whedon,Nathan Fillion,Gina Torres,Alan Tudyk",TV-14
The Office,9.0,Comedy,2005–2013,22,"A mockumentary on a group of typical office workers, where the workday consists of ego clashes, inappropriate behavior, and tedium.","Greg Daniels,Ricky Gervais,Stephen Merchant,Steve Carell,Jenna Fischer,John Krasinski",TV-14
Attack on Titan,9.0,"Animation,Action,Adventure",2013–2023,24,"After his hometown is destroyed and his mother is killed, young Eren Jaeger vows to cleanse the earth of the giant humanoid Titans that have brought humanity to the brink of extinction.","Josh Grelle,Bryce Papenbrook,Yûki Kaji",TV-MA
The Blue Planet,9.0,Documentary,2001,389,"Mammoth series, five years in the making, taking a look at the rich tapestry of life in the world's oceans.","David Attenborough,Pierce Brosnan,Peter Scoones",TV-G
Arcane,9.0,"Animation,Action,Adventure",2021– ,41,"Set in utopian Piltover and the oppressed underground of Zaun, the story follows the origins of two iconic League champions-and the power that will tear them apart.","Hailee Steinfeld,Kevin Alejandro,Jason Spisak",TV-14
Scam 1992: The Harshad Mehta Story,9.3,"Biography,Crime,Drama",2020,54,"Set in 1980s and '90s Bombay, it follows the life of Harshad Mehta, a stockbroker who took the stock market to dizzying heights and his catastrophic downfall.","Pratik Gandhi,Shreya Dhanwanthary,Hemant Kher",TV-14
Batman: The Animated Series,9.0,"Animation,Action,Adventure",1992–1995,23,The Dark Knight battles crime in Gotham City with occasional help from Robin and Batgirl.,"Bob Kane,Eric Radomski,Bruce Timm,Kevin Conroy,Loren Lester,Efrem Zimbalist Jr.",TV-PG
Bluey,9.6,"Animation,Family",2018– ,7,The slice-of-life adventures of an Australian Blue Heeler Cattle Dog puppy as she has fun with her family and friends in everyday situations.,"Joe Brumm,David McCormack,Melanie Zanetti,Ninthe van Schie",TV-Y
The Vietnam War,9.1,"Documentary,History,War",2017,990,A comprehensive history of the United States' involvement in the bitterly divisive armed conflict in Southeast Asia.,"Peter Coyote,Huy Duc,James Willbanks",TV-MA
The Twilight Zone,9.1,"Drama,Fantasy,Horror",1959–1964,51,"Ordinary people find themselves in extraordinarily astounding situations, which they each try to solve in a remarkable manner.","Rod Serling,Rod Serling,Robert McCord,Jay Overholts",TV-PG
Sherlock,9.1,"Crime,Drama,Mystery",2010–2017,88,A modern update finds the famous sleuth and his doctor partner solving crime in 21st-century London.,"Mark Gatiss,Steven Moffat,Benedict Cumberbatch,Martin Freeman,Una Stubbs",TV-14
Life,9.1,Documentary,2009,473,David Attenborough's legendary BBC crew explains and shows wildlife all over planet earth. From giving an overview of the challenges facing life to hunting the deep sea and various major evolutionary groups of creatures.,"Oprah Winfrey,David Attenborough,Doug Allan",TV-G
The Last Dance,9.1,"Documentary,Biography,History",2020,491,"Charting the rise of the 1990s Chicago Bulls, led by Michael Jordan, one of the most notable dynasties in sports history.","Michael Jordan,Phil Jackson,Scottie Pippen",TV-MA
